Customer_ID,Brand,Category,purchase_count
0020b0f3-7120-45f6-b5c3-e037ae90d459,Nike,Electronics,2
0040b404-b18b-4fa6-8e94-5804f29ade39,Levi's,Beauty,2
005a074d-c082-445d-9307-c90a37daccaa,Puma,Electronics,2
0083a488-4956-4890-98f2-8e957a69c9d6,L'Oreal,Electronics,2
008992e4-eeeb-4515-8c8d-c59c93b5e54c,LG,Electronics,2
00dc7112-0b13-4442-a2d0-13238e9f8da4,Ikea,Beauty,2
0107bae7-246e-4908-94b3-a6d1dbf3d1fa,Apple,Electronics,2
01364432-f904-4901-bdfd-1df67d4de4b1,Dove,Clothing,3
014a0bd5-4b43-4b99-bf45-77f6041eda34,LG,Electronics,2
01a8ce6d-2a59-45cf-8a3f-2f852553dd3d,Nike,Clothing,2
01cd83fd-17c2-4743-895f-285c2c5e6e88,Ikea,Electronics,2
01dae9fb-dce0-4e26-b528-48904af85117,Panasonic,Beauty,3
01e217bc-2ec3-495f-97f0-9391fabf51b6,Samsung,Clothing,2
01fdc433-7313-46bd-9570-cdcdb0ed5a65,Sony,Electronics,3
0237b97e-3d85-4e4e-8607-64f268ddd0f4,L'Oreal,Beauty,3
0241794d-a116-4951-88ff-a1ff5afaa230,Nike,Electronics,2
02688eb8-0262-4017-ae7c-979746c19594,Nivea,Beauty,4
02693b63-0dfa-42c2-b271-59fb3a74fa43,Sephora,Beauty,4
02910205-0bea-4e7f-8a1b-94976aa624e2,Ikea,Electronics,2
02b41af2-63f2-465e-859a-9f0a06d2c1a7,Puma,Beauty,3
02c4fc77-ec29-41c3-b6b8-03625950f1e4,Samsung,Beauty,2
02c72d44-841c-436d-8bd8-c0dcf85d1873,Samsung,Clothing,7
02f5f26f-ccf3-406e-a8ba-328610e9d2bb,Apple,Electronics,3
0321a3d8-0a2b-4a59-b5f9-41ae1c2b369f,Panasonic,Beauty,4
0328cfc1-1a0b-4273-9309-81576358bfb7,Nike,Beauty,3
032ea7b0-71f1-41d5-b949-46d8d224b1e4,Sephora,Electronics,3
034f4b62-2dc9-4c22-876c-b9fdaa1925cd,Adidas,Electronics,3
03546183-317c-4532-94f7-c3076f5a2ee0,Nivea,Beauty,3
035766c6-df71-43cd-8012-0a77ede45cd7,Puma,Electronics,2
035972f3-9778-4c2c-9f43-dd23bf9a6d4d,Sephora,Electronics,4
035de69d-e256-4191-a405-12804c784032,Dove,Beauty,2
038f464d-5786-476e-9b32-2be51e04d731,Ikea,Electronics,2
03ac9cff-c882-498e-949d-6889180a9683,LG,Electronics,2
03e33995-b94c-4446-a80f-353fe56c94b5,LG,Electronics,2
04840fcb-595e-4f73-b0ce-fc27596e8933,Puma,Electronics,4
04c8de6c-a475-4154-abfe-ce72ea98b20a,Philips,Clothing,2
04d60448-73fb-4690-8b97-ed186f8a7b98,Puma,Clothing,2
054a8b71-f760-486f-9bbd-6a12f11ec13e,Adidas,Clothing,2
05735d4c-e8a3-48c9-bb29-6fde402e84c2,Philips,Beauty,2
058e1dbc-c141-4ea6-bd43-1fa10fa1cd89,Panasonic,Electronics,2
058e7d43-97c2-4e6c-9ccf-767569ba587d,Puma,Clothing,3
05a0906a-54cc-4926-8de7-8a4cec1ac180,Adidas,Beauty,2
05da20a6-4ee3-49ff-b221-1ebd03d6a22d,Whirlpool,Electronics,2
05dddb5f-3018-4831-aa39-a95423100d3b,Puma,Beauty,3
05fd048d-d7e1-4146-a30f-c72d289d24ee,Whirlpool,Electronics,3
05fdfdd0-a544-4199-bab5-5623aa6dc5c5,Sephora,Electronics,3
063b94cb-470d-4404-a1e6-d36ff79ea398,L'Oreal,Clothing,3
0672e117-b929-4afe-8912-d916ce737513,Nivea,Beauty,2
07165284-13df-47fe-bdcc-ea39384f5445,Whirlpool,Electronics,2
074fbc7b-e178-497d-90bb-2f6c4166fbc8,Samsung,Beauty,2
07a3a51f-7e9a-4980-94f6-258abc240614,Nivea,Electronics,2
07a65d0f-584f-4096-95c8-e348df3e9dae,Dove,Electronics,3
07a7d0f0-5c85-4ce9-a60e-c465ba86007c,Sephora,Clothing,5
07b57c25-0d6c-4e57-98ac-b2fafbd2c298,LG,Electronics,2
07c2887f-90d3-4a05-808c-bccc60946e88,Sephora,Clothing,3
07f8672e-811e-4eaa-a09d-6bc980547af3,Whirlpool,Clothing,3
0805e266-cae1-464b-97aa-306ad2331661,Puma,Electronics,2
08275d8e-470d-43fe-8e8d-5de788e844c4,Puma,Clothing,3
083b2208-5171-40de-8078-f6b8f86434d4,Adidas,Electronics,2
083e37b3-6004-4411-b2ca-64994b844a9b,Dove,Electronics,3
08c7f857-899c-46cd-9ea9-7648a9a8fbdf,L'Oreal,Beauty,2
0957c5cf-1f09-48ef-989b-edeff7901200,Apple,Electronics,2
09a71a45-5961-4e76-a64d-a95445470e57,LG,Clothing,2
09adedba-c61d-4430-8f8a-07b63da7ff27,Sephora,Beauty,3
09c8e516-1f1c-4eb4-be28-c30470bde736,Ikea,Electronics,3
09d8cb2d-645a-40db-b1e8-f8be1731e21f,Panasonic,Beauty,2
0a32595e-254f-4dbd-aa84-8bcd10c8b3b0,Whirlpool,Electronics,4
0a33526b-656e-4f0d-a4b6-b8cb1d7371a7,Whirlpool,Electronics,2
0a43f60b-6ca3-4be0-a72c-6b31fcbab009,Levi's,Beauty,2
0a59b931-b705-44c2-b963-1c39a398c5e3,Sony,Beauty,2
0a8a2f61-cf34-491a-b133-0f6a0682b905,Sony,Clothing,2
0a944fcf-09c8-4ec2-9445-49b4d24f0fdb,Samsung,Electronics,2
0aa2d49d-c0f5-4b1b-84ff-f2b13aadfa59,Adidas,Electronics,2
0ada5693-5b36-4a3f-a00a-66147d93d9bb,Samsung,Electronics,3
0af7bc98-df15-4676-a2a0-af6f7d9f3ea7,Dove,Clothing,2
0b31b6ad-bb57-458e-b243-82e23e894495,Apple,Beauty,3
0b3a0a4c-13dc-4322-bc29-b77797d39303,Whirlpool,Electronics,2
0b422057-de1e-4b13-9bfe-4d702204c81f,Ikea,Electronics,3
0b758509-25a4-4170-b3df-cf50cf9fc58d,LG,Electronics,3
0b8cf7ef-9a30-4547-b0c0-ff598fbd223a,LG,Clothing,2
0b8ecb95-d788-47bd-8235-5afd78f7c728,Ikea,Clothing,3
0ba273fa-633d-48e9-aa1d-8c642b5b6da5,Puma,Electronics,2
0bd820e9-e91c-407b-81f7-1b098e601971,Nike,Electronics,3
0c089860-154d-4f3b-8822-3625e3950b09,Apple,Electronics,2
0c0e9643-3089-4938-862c-cd883c91cab9,Samsung,Electronics,2
0c63e1e1-26fe-47bb-bc17-3f6965633567,Samsung,Electronics,2
0c8dcea1-a40c-48cc-b740-67c06e2b8124,Panasonic,Electronics,2
0c94e66f-a4c5-46c9-bd53-4f9ee1522724,LG,Electronics,3
0cce2771-1931-40b5-b9f0-70f5893c6d04,LG,Electronics,2
0d10474a-8a73-4644-a53e-37f2b350dc29,Levi's,Electronics,3
0d4e041a-a264-431c-b1a0-5cf6dab076bf,Philips,Beauty,3
0d79a28b-15af-4dbc-b4b4-76b1d2c9b391,L'Oreal,Clothing,2
0d8983b1-6e97-4adc-a595-fc4803390825,Nike,Beauty,2
0dbab963-dc9a-446d-ac6e-0faaedaf2378,Dove,Beauty,2
0e33d66e-8797-47d7-9bfb-1196aa23e335,Adidas,Clothing,2
0e36350b-c1e4-4c18-aa0b-d12a593104fc,Levi's,Beauty,2
0e46c627-8c00-4659-bb3d-833fc98eb435,LG,Beauty,2
0e5707b1-aab2-4d49-b9b5-47b96ee78f25,Adidas,Clothing,3
0e656aa5-06c5-47ac-a9b9-48e91cff62d2,Sony,Clothing,3
0e70006b-ffe3-441a-8a7d-17bb18513790,Adidas,Clothing,3
0e72b63c-345b-42fe-8d9a-681d7bb6bf8b,Philips,Electronics,2
0e85c13a-466e-4bef-a64a-f718e4343093,Dove,Beauty,2
0eb0604c-5a47-4831-a1a0-4b95aeeb1d6c,Ikea,Electronics,4
0eb2bf98-0746-4fa6-b563-db9ba1b9532d,Apple,Clothing,3
0eb8d8e1-9fab-43c3-985a-df23ecf9f26b,Philips,Beauty,4
0ef92665-66bf-437d-8010-8bc9705f9dc8,Apple,Electronics,4
0f1c0409-27f7-4484-9957-238d7b55908e,Ikea,Clothing,2
0f308684-ff32-42ba-895a-4b63c7954462,Adidas,Electronics,2
0f683d12-cbd8-4f88-8090-6d456d091882,LG,Electronics,2
0fad96d8-0ce6-4496-9d83-9ab81abe0d92,Dove,Electronics,3
0fbe71fe-eb54-4b0c-a1eb-e252eaaf9707,Levi's,Clothing,3
0fd729ab-48e2-40c3-be5a-fec406b8c506,Sony,Clothing,3
0fe3dfe8-7526-40e7-a961-5fe13a80ae1c,Philips,Electronics,2
10002038-72f4-489e-9dde-f3e1a8c93172,Levi's,Beauty,4
104817df-7f91-4717-8092-916e0883cd49,Apple,Clothing,2
109c17e3-75b4-4ac1-802d-eebd27ca6632,Sephora,Beauty,3
11734fbb-b5eb-4bc7-92b0-2b303b96c11c,Nike,Clothing,3
1183a52f-ac07-4a1a-a752-7b57d77b82fd,Apple,Clothing,3
119dd3dc-5c1a-430a-8a7b-a0db9ad6550e,Sephora,Electronics,4
11b63140-79a6-45d7-8e1d-6dd2f8c5e2b0,Sephora,Electronics,4
11ec983d-413d-45d6-a052-af0da58889d3,Adidas,Beauty,2
11fb1983-e724-4777-9e8c-4ecdc38bd587,Sony,Electronics,3
1226b240-f51a-452f-a990-8fa9e0cfc143,Sephora,Beauty,3
12400284-b64d-4117-8220-d4a8a14b57f2,Philips,Beauty,2
125ee859-b181-4407-94ac-630a012defd4,Sony,Electronics,3
126e3c91-a06c-42da-a4a3-05f2d2f56a7f,LG,Beauty,4
1282a1ce-dc42-4972-af15-393dbb5b26ca,Sephora,Beauty,3
12b11a9f-d9e5-471e-93a8-725e08a299ae,Samsung,Electronics,2
12cec40e-6088-4305-bddc-89cc0c227129,Samsung,Clothing,2
131d7200-d893-435b-a5a2-d98238d84e02,Levi's,Clothing,3
1320c6df-65ea-4bdf-9303-fd292f45e415,Panasonic,Clothing,2
132bb2f9-1970-490d-a7f3-9cd6e844af4f,Nivea,Electronics,3
132c8282-4b84-4599-b5bb-e40486f1f808,Levi's,Electronics,3
1366b157-b987-4e84-aa11-4f3885b814e6,Adidas,Electronics,2
136f0cbd-3c77-4c3c-884b-b7c4107b5b9f,L'Oreal,Electronics,3
13723e9f-3162-439f-98d9-7d17405edc47,Apple,Electronics,2
13857313-fa99-4175-adf0-86c562cbf39a,Adidas,Electronics,3
140a74a1-17c3-4dfb-97a5-cf783876e913,Adidas,Electronics,3
144851ba-73e0-4815-904c-eb01bc393f7d,Adidas,Electronics,3
14a19055-b8c0-461c-840e-0688867a112a,Samsung,Beauty,2
15310d51-285c-4aaf-aa66-3e768dc839bb,Ikea,Clothing,2
15541c87-9e75-42ac-b2c5-bedad3a07b4e,Whirlpool,Beauty,3
1569702d-acf7-4b91-a45b-329ec22c1d6d,Levi's,Electronics,5
1572b860-2358-4e10-9006-edc7da3750ac,Apple,Electronics,2
15b2ea20-4c6f-4087-9b7c-da864af557c1,Samsung,Electronics,2
15f8f996-420d-4011-a78e-cab01728017e,Nike,Electronics,3
16005307-e38a-4e1c-9830-fc12968f0cd9,Nike,Clothing,6
16278c3a-709b-4320-8e3d-5ae6a4b7d1a6,Philips,Electronics,2
162b3298-bb87-4d5c-8c4d-456f891e5765,Philips,Beauty,2
16c2a7a7-9c69-4deb-bd86-34f07921f10f,L'Oreal,Beauty,3
17024635-639b-4f4b-b501-b1360bdd009b,Nivea,Electronics,2
1729ba79-608d-4e97-98e1-e4504a882264,Levi's,Electronics,2
173b3667-f5e5-4401-a400-fcbcdc0c5070,Dove,Beauty,2
180dff93-0d25-400d-abaf-01bdfa547561,Ikea,Electronics,2
1823024a-0bcf-4d54-a256-74cb861ca690,LG,Electronics,4
18416ad2-de8a-414c-9946-f754833928be,Nivea,Beauty,2
18a1e716-d33d-4c2b-9575-ba4f33fe330b,LG,Beauty,3
18b6fe73-7222-4be0-9fbd-8cf34acbdc82,Nike,Electronics,2
18bd7745-f1a8-4f2f-be99-7241545551d1,Nivea,Beauty,2
18d59528-4405-4e02-a938-3166d414182f,Adidas,Electronics,2
18d82b0c-887f-470c-b780-fe8da99f329f,Panasonic,Electronics,2
1901b078-c13b-41ca-aeef-4468755d5055,Dove,Electronics,2
19072dc4-3daa-438a-80bf-55923e9d4cdc,Apple,Electronics,2
1945c852-9c16-4b4c-a538-4f5a50f4dbf1,L'Oreal,Beauty,4
1968e1cf-c29e-4968-8853-e6cdae914d63,Panasonic,Clothing,2
1978b42a-6f0b-4637-b0de-2d4e555c4668,Sephora,Clothing,3
1988c7c9-839c-4807-acfb-72d9bcb06b94,Nike,Beauty,2
19974ab2-d6b1-421d-b69a-b0bac77507b4,Sony,Electronics,3
19b67e37-173d-4189-a20c-e69d10d2408e,Ikea,Electronics,2
19f8f962-37c7-4a7f-8b7f-9ca06ca7271b,Whirlpool,Electronics,2
19ffa897-1170-4968-9389-fe886e04613a,Adidas,Clothing,2
1a4f0d1b-b711-4435-9b4d-e1d6fb73f7b7,Panasonic,Beauty,2
1a6b423e-4ca9-4b03-9423-e7a9511778ef,Sony,Electronics,2
1a796ea0-26be-4d40-ae16-a76e05370a5b,Sephora,Electronics,3
1ad027c6-17dc-43ed-af30-f5af2ff23dd7,L'Oreal,Clothing,2
1b130acb-f85e-4367-bafe-5ece36916d51,Panasonic,Clothing,2
1b85babf-ab47-4c2b-ad68-8bbaf6a01d66,Puma,Electronics,2
1bdebe2e-a777-4095-8362-4874cf6f681f,Whirlpool,Electronics,2
1c106913-ed6e-48fc-9d8c-65c723fb4b3d,Sony,Beauty,3
1c209ab1-c6f0-4f5b-8f12-5278720a9841,Nivea,Beauty,5
1c8b5841-3120-431b-a62a-33657dd24e6a,Philips,Electronics,2
1cadf82f-d1f4-4f9b-9ea5-8bcb62d5d262,Sony,Electronics,2
1cbc5076-7a13-4cbd-ad10-19865d047f6f,Dove,Beauty,4
1ccc0d5c-b787-4195-a8c7-0d0615434060,Levi's,Electronics,3
1cccaf49-14af-4866-8ac7-c28e7b3b0092,Nike,Beauty,2
1ce9b5ec-47ba-4829-aa84-89a77b638617,Levi's,Clothing,3
1d0ab5d5-e5dc-441f-bc95-a0f0ae44784d,Panasonic,Electronics,2
1dc12927-bc3b-41b5-91e6-a369c5665125,L'Oreal,Beauty,2
1dd4ce1a-e518-431c-8afb-69a2fd764437,LG,Clothing,3
1de5358a-d83d-46af-a6ad-bc3c1f7d4b5f,L'Oreal,Electronics,2
1e0aa88a-eaf4-4496-b964-e6e60c1db0d5,Panasonic,Electronics,2
1e1205a9-a067-40fb-b12c-bc9a32b955a8,Ikea,Electronics,2
1ebdde59-63d3-42b9-a63d-8c3221cf4bff,Sony,Clothing,3
1ed56ce4-64e9-468b-9f7a-ed92822c8877,Adidas,Clothing,4
1ef88375-2a1b-4bdc-b79f-bd0f49ffd7f3,Puma,Electronics,2
1f6aef0b-e0e7-4b78-9d94-5b7599701aa8,Ikea,Beauty,2
1f82a04a-1f7b-4db5-b39f-66a28e77ce71,Ikea,Electronics,2
1f858a1c-e1ec-4a4b-bd57-d2e83184d217,L'Oreal,Beauty,3
1f8cfcb2-9cce-446e-9a97-af2ed2cd1e22,L'Oreal,Beauty,2
1fd0b447-1e28-4e0b-937b-94a7dcc99b57,LG,Electronics,4
1ff1a7bb-af2e-4e95-aae1-7380e15782cf,Sony,Electronics,2
20161600-674f-46af-b651-5715b40dc86c,Levi's,Electronics,2
201d684d-eb68-45e9-bfe6-fa5ae0eeb085,Philips,Clothing,2
20469dab-40b7-4e52-ae35-789d2b43d2ff,Ikea,Electronics,2
20cb4430-6e93-4306-b12a-9385b890dddd,Puma,Electronics,2
20f57fb4-6a86-4fd4-bbb0-a8234d5ae134,Whirlpool,Clothing,2
2119326d-cb4d-4ce8-96ae-332429de86e5,LG,Electronics,2
215e0ea4-64cf-4539-9ff6-b7f20e9525cf,Sony,Electronics,2
21e72513-583f-4820-ba0e-62a62e81af6a,Levi's,Electronics,3
21f58ce4-cbe3-4fab-992a-b196701f00ad,Puma,Electronics,4
21fbb5c2-934a-46c4-9d0a-0cd93fb0a731,L'Oreal,Electronics,2
220216c9-9fa4-4396-b7dc-d7b34f5af355,Ikea,Electronics,4
221541d8-ea15-43b8-83c4-13bb50c11931,Panasonic,Electronics,2
2218c600-af6f-4fd1-863a-1c801927f25c,Samsung,Electronics,5
22333749-f7a0-4600-9058-a8ea45fdd161,LG,Electronics,4
2246a48b-59b8-46b1-8623-5a15e1be0c3f,Puma,Clothing,3
22d5f005-ad24-435e-83ae-a4cb909b68c9,Sephora,Clothing,2
230e22e6-3b9b-4757-8f58-639ceceea112,Sony,Electronics,2
2363fd86-1eaf-4918-b3a4-44fb494f8e13,Samsung,Electronics,3
2377f0e4-aead-4504-b52c-5a0216f15f58,Dove,Beauty,5
23a97b46-1092-436a-bfe1-32b89ff47d53,Panasonic,Beauty,5
23c3e72e-0953-4792-a67c-24ecb71aa532,Nivea,Beauty,3
23d74545-5d23-4b7a-9850-182ba1153627,Dove,Electronics,3
2402ec08-cce2-4a9f-ae94-45e77203ba75,Nike,Clothing,2
2413123e-4ece-4aa5-9348-c4c4f31a0a95,Nivea,Beauty,3
245b1f40-4112-4048-8d5d-1d7cf47f19d3,Ikea,Electronics,3
24685c1d-5356-4f83-b05c-21de31bbe1d8,Levi's,Clothing,2
2481c685-a63e-488f-98fb-807876ffa35a,Sony,Electronics,3
24e4b1aa-245d-40be-a1c3-1c2da78201c3,Puma,Electronics,2
24f3eae6-767d-49f3-821c-a089ded21655,Nivea,Electronics,2
24f7e50d-a788-4a66-8080-46c008ce2188,Apple,Beauty,2
25102ca4-dddf-486e-98fe-3fa0f6ef01aa,Sony,Electronics,2
253a9c97-fb22-40eb-8d21-1e3b5c49fc76,Ikea,Clothing,3
25651649-d0ae-462b-b3af-ef55e83232ca,Nivea,Electronics,4
2579ac41-05bb-47fa-bbbd-d54e6f7a4ac1,Samsung,Electronics,3
257f93c6-329b-42ac-95cd-383716bdeef5,Levi's,Electronics,2
25f027e7-aece-4bbc-94f9-3f70e390f963,Apple,Electronics,2
25f29a6e-0dad-4e4d-ae29-8d3f95fc0cbb,L'Oreal,Beauty,2
2602c1e4-758d-457e-af14-cdefc1ffc809,Sephora,Beauty,2
2649047b-fec2-43d8-8441-8ed764c7cd64,Sephora,Beauty,4
26dd9d73-0a11-4d8c-8667-b0904b2f797e,L'Oreal,Electronics,2
27007f1f-83d8-4941-b055-644a899d130a,Puma,Clothing,2
271d6e88-c017-4fd1-a5b5-1ff9f489d00c,Samsung,Clothing,4
272bc5f9-86be-48b1-9458-80730c64161c,Samsung,Electronics,2
2735af84-acab-4285-a5a4-a9c897ccee2f,L'Oreal,Beauty,3
2748ee3c-5427-40f9-8325-082787600b88,Sephora,Electronics,2
2755698d-22c0-47de-bbf2-139f8cb6cf6b,Dove,Beauty,2
27ec1590-59ad-4c72-b941-b27f7c32c2c6,Philips,Electronics,2
280e2aa8-cc0d-4dca-98fa-7ee23657398f,Sephora,Clothing,3
285b4c1d-10f2-450f-9e94-ed9fbef2ab09,Panasonic,Beauty,2
2877abb2-804a-4a96-a613-9592292a2d5d,Levi's,Beauty,4
28850be8-53b7-4539-b9e2-6a9978fad14b,Samsung,Beauty,3
28983bec-26b1-4b7a-be7f-a145436b3a7f,Panasonic,Electronics,2
28d8e7aa-c365-474f-a1af-1d79b1f551e1,L'Oreal,Electronics,2
291d3a56-0466-498e-87d1-6515060cfd77,Sony,Clothing,3
296ed1fc-7a81-4107-adda-9e8c51591a17,Samsung,Beauty,2
297a0deb-1e28-4b3c-a1c1-fd7ad2ec8c76,Whirlpool,Clothing,3
297afb20-01be-43bc-9111-ed0c5a853b49,Panasonic,Electronics,4
29c1450d-5aa3-4aeb-8e77-51e3b24e70a8,Dove,Electronics,5
29ed7a67-e1d4-4c3e-97c0-cba7d66d4186,Nivea,Electronics,2
2a029b4c-2c91-4f01-a85a-2435dc8d69a0,Nike,Clothing,4
2a0a7eca-5f99-4f1e-afd9-0c676de25327,Adidas,Electronics,2
2ab5e230-4e69-408e-b911-4b85dec0e44c,L'Oreal,Beauty,2
2b269100-c637-4b41-959b-18c252224c0d,L'Oreal,Electronics,2
2b624a75-ddf3-4573-8e36-6fbdb4970d1c,Ikea,Electronics,2
2b77ee23-902d-4f25-ba09-35b2ab40601e,L'Oreal,Beauty,2
2bc1cd46-cd89-4759-9716-90d7b250e18d,Ikea,Electronics,2
2bd59dbd-cc5d-4554-9a48-c92552f18ad6,Puma,Clothing,2
2be58c76-03fb-4133-8c22-6a0dbd11081c,Philips,Electronics,2
2c547f6d-be5a-458e-9c39-3ab8a839f4b1,Nivea,Beauty,3
2c7ca62b-db69-44cf-a966-4b53eafdba2d,Adidas,Beauty,2
2c9ef972-aa17-4fd8-bf1d-dbedffd7a681,Levi's,Clothing,2
2cb4d6e9-8e3b-4f45-87d7-21457c6e71c7,LG,Electronics,2
2cd96431-99e5-4b2f-8fd1-3afb98bd0a1a,L'Oreal,Beauty,3
2d06f07f-1ea6-4c00-bc29-95868c12375e,Philips,Electronics,3
2d2d03d1-3da5-4060-bd3b-2058325902a5,Samsung,Electronics,2
2d490842-7983-4e37-90fd-89da357be86b,Philips,Electronics,2
2d635ea3-dede-4dce-8e73-24a4dd25ee07,LG,Clothing,4
2dd27a82-8e1d-4cbd-9175-d7d373cd524f,Nike,Clothing,4
2dfa5dc9-6cc2-4212-9a69-873368031e6c,LG,Beauty,4
2dfe9bc4-97e9-4dae-aff1-6131c0fe69aa,Philips,Electronics,3
2e10e6a9-8954-42e9-9f71-ab2df12dc0bd,Panasonic,Electronics,3
2e1ac410-75a3-4829-877c-9e206eab93cb,Nivea,Electronics,2
2e2c6869-be44-43f7-906b-a00a4effcb10,LG,Beauty,3
2e9cecad-9323-4dbf-8b83-ad4d4ca47c21,Sephora,Clothing,3
2ea08ef7-0097-4aad-ad4c-1cee8dd6ffb0,L'Oreal,Beauty,2
2ec0ba84-33f6-443a-93d7-54c988c4cba1,Apple,Beauty,4
2eef5be2-647a-41ed-9cbf-f5a7150d925c,Sony,Electronics,3
2f11e746-2437-4dc0-a414-078483a2d45a,Samsung,Beauty,2
2f2fa0c3-8d98-47f9-af8c-2fcab3f6c8a4,L'Oreal,Clothing,2
2f960d99-c4ff-4ea2-8e57-0081ef4392c7,Dove,Beauty,2
2fba673b-2acf-47e8-8fe6-78671bf29446,Adidas,Electronics,3
2fcd8795-2b0f-427a-bb30-981d37401409,Panasonic,Electronics,2
2ff3cba0-bcf4-4047-aad5-7549f3f48ccb,Ikea,Clothing,3
302e22eb-c190-4646-8a13-117101f41a61,Nivea,Beauty,3
30b6e754-af83-4edd-a7d0-23dad04d19ae,Sony,Beauty,2
30d3a53e-cc6f-4b1f-ac7f-0bd8955c1df1,Philips,Clothing,3
315a4917-5931-4306-b0a2-1cdba6b4f448,LG,Electronics,2
315c50b5-2009-473f-a54f-af862bea23b0,Apple,Electronics,3
31b6afa2-b0b8-4a78-b272-600925cd52ee,Apple,Beauty,2
31bfca98-1fca-4ec7-a4c8-453bb20fd223,Samsung,Electronics,3
31bff644-5e01-4e63-9cb8-d40526420f4d,Sony,Beauty,2
31f76357-28ac-4abe-a838-f570eba6e217,Philips,Clothing,3
320ad151-a79a-404d-a9bf-68dbe8823962,Panasonic,Electronics,3
321455e7-6c4d-426c-8165-3e2f5e2def98,Sony,Electronics,3
322f425b-436d-4008-8fc1-6127138a26fd,Puma,Electronics,3
328a5d91-c830-4376-a00f-2824a905aa93,Panasonic,Clothing,2
32cc5359-e6e2-48e9-80a0-8d7fdae5be4c,Nivea,Beauty,2
32e3a14c-9e94-4611-b5aa-76a924473d6a,LG,Clothing,3
33165595-4bfc-4dbb-aedc-7a1830a91803,Sony,Clothing,3
331e035c-5453-44e6-a318-1eb513c850af,Nivea,Electronics,3
3335ad48-b33f-491a-a169-54f59d56c046,Sephora,Beauty,3
33416638-7966-49b8-a8c6-270d09dc2f5a,Apple,Electronics,5
339d587d-43eb-4389-a2b2-a34e6f414649,Nivea,Electronics,2
33f57afd-db86-4c59-a4f0-94268a4a09e7,L'Oreal,Beauty,2
341e6c90-b38d-448f-b8f3-94a63dbbd1f7,Puma,Clothing,2
343ea4ae-8e5a-4dd8-88f8-97caa4f667b4,Ikea,Beauty,2
34432a7a-9985-4a64-b6c8-10d7478ce2bf,L'Oreal,Electronics,2
344a3679-bb44-4392-b8f1-6a8849436dc8,Philips,Beauty,4
3472e607-49ce-43cf-a497-7aaecb363ed0,Levi's,Beauty,2
347fa2d0-4c91-4056-bc93-766b66ff5770,Nivea,Beauty,2
34955d1c-d350-4cd1-9909-eee3817c9851,Sony,Electronics,3
3498bb1a-0cd1-45fc-95c0-b9240939837a,L'Oreal,Clothing,3
34b0f847-bf0b-46ed-b537-747630f87506,Sephora,Beauty,2
34b9c731-b9cf-4750-bb16-4fcec11f3974,Nivea,Electronics,3
34c29b6d-65cd-4036-967e-31066f5d2871,Apple,Electronics,3
34fefe78-a240-4fba-8d5e-5fd212f7a41d,Puma,Electronics,4
35073ddf-9c89-4b36-a79b-390b21c10fd9,Philips,Electronics,3
353d9f44-6c51-4af4-940c-13317b2c406e,Philips,Beauty,2
359769f5-504b-46b0-b836-2f96ad1e9b4f,LG,Beauty,2
35fc80e0-d7e6-403e-90e9-228d7069d971,Samsung,Clothing,4
360e71c0-598d-4821-a086-aaaf7465c967,Whirlpool,Clothing,2
36127be8-4c15-409d-ba68-36b2a29f1299,Sony,Clothing,5
361d0350-c970-4a74-bde4-70fda51ae8b2,Panasonic,Beauty,2
366b8e58-96bd-470f-8c0d-02736420b5d4,Samsung,Electronics,2
36a44bcc-f1b9-4497-8b43-ef53f3962012,LG,Electronics,2
373a6763-1a78-4c3d-b384-1f5beefe2062,Dove,Beauty,3
3783b9f5-2efe-45df-8a45-42a46ff986f3,Sephora,Beauty,2
37931dcd-c44c-4234-9a01-c79f9128eee9,Sephora,Beauty,2
37c03030-676b-4623-99d6-0847d12dc5d4,Whirlpool,Electronics,2
37c3c395-1dd5-4063-ae90-5bd038854962,Adidas,Clothing,2
37cf8b71-27de-4f41-818a-819211eaa6fc,Apple,Electronics,2
3827ec47-e72a-4455-b35d-4bfd5da212da,Levi's,Electronics,4
3883e6cf-9989-4092-9fb8-a704c7cf1243,Sony,Clothing,2
38ac78e5-2ac9-40d5-a76d-384507d5b6b7,L'Oreal,Beauty,2
38b6845f-f098-4f27-9a22-c0c6c338a98d,Sephora,Beauty,2
38ebda2c-437c-4a13-bc35-762c5088502f,Panasonic,Beauty,2
38ebe7ea-d4e3-4ad6-a8d6-e85d1f92d095,Adidas,Electronics,4
391bd5d3-15b6-4d32-9cd4-da47a95ea331,Nike,Electronics,3
39b41e30-4c0d-45d6-bf18-9df32a0094a9,Ikea,Electronics,2
39f19a84-7e1d-465a-83f0-5cacacfc29ee,Apple,Electronics,2
39f9fa69-7a08-4897-93ce-ea31aefe5ab4,Samsung,Clothing,2
3a0030c8-1084-47b4-84dc-3948d7069cff,L'Oreal,Beauty,2
3a124cce-cb04-48db-8996-a6af0dda009e,Dove,Electronics,2
3a12a5cf-4810-4658-afcd-8b307ce9276e,LG,Electronics,3
3a3598b9-8826-4569-86f6-fdb17ff23e3a,Puma,Electronics,3
3a5cc2b1-b2e8-4b37-aefc-2d32b579f194,Sephora,Beauty,2
3aad5a76-6816-4b3f-9d3d-6bcfd096a484,Adidas,Electronics,2
3aad9661-4346-4c8f-8c4f-8590d1c4f1c6,Whirlpool,Beauty,2
3ab27efb-879f-411f-9056-0258b349af66,Panasonic,Electronics,4
3acbe1cb-695d-4c41-8123-b05440881e99,Philips,Electronics,2
3b21489a-64a5-40ac-861d-9f1598c11754,L'Oreal,Electronics,4
3b4025cb-0e22-4cde-b697-a4e0edaad83c,Whirlpool,Beauty,2
3b444ba2-c415-4342-b476-86b3fd129ce4,Apple,Electronics,3
3b5be6f1-09f2-4c0b-b748-11e53d1f878b,Whirlpool,Electronics,2
3b636b01-85b7-448f-b6e4-f0f53f910a71,Adidas,Beauty,3
3b88eaef-6457-4059-a459-a99988989994,Dove,Clothing,2
3c374af9-b5f5-4b1e-b630-9620f0d486ce,Nike,Clothing,2
3c49d168-02bf-4a27-b7fe-7af4a6230be3,Whirlpool,Electronics,5
3c5f8c50-8146-45aa-bcd1-884c8cb5948a,Sephora,Beauty,5
3c6e7220-01da-4d70-83a0-edf55c0baee2,Levi's,Electronics,3
3c6e8d4d-cd01-42cb-9daf-3c7d83723ddb,Puma,Clothing,3
3c7faf16-7f51-4013-bf78-d8f1d7c0d123,Sephora,Electronics,2
3d5b2273-63b8-401d-b8ac-2f70d182fa6d,Panasonic,Beauty,2
3dbaded6-8593-48f4-8de2-51f4c2bed02f,Panasonic,Electronics,4
3dbbdedb-e4a5-495b-952f-ac8eb41d6a33,Whirlpool,Clothing,3
3dcf3304-5347-4a36-bcf5-4f3f46119c5e,Levi's,Electronics,2
3e239d69-9f5b-4858-a6d2-b242d8f28c50,L'Oreal,Electronics,4
3e344346-3e4e-42d1-a932-48dd7b3c201d,Philips,Electronics,2
3e3a86f9-c369-4626-84c9-ba82c1431a6f,Apple,Beauty,2
3e3fb53b-d12e-47d8-8ba9-69ac07b0f520,Whirlpool,Electronics,3
3e735f1a-3609-46a3-af4f-bae72e3d63f3,Sony,Beauty,2
3e80b0d1-dd3f-4f8d-b4bd-b90f529ffbba,Puma,Beauty,4
3e9550de-2002-4fcd-a956-347ebad7e092,Nike,Electronics,2
3f1131d7-b155-44d4-a337-8ee775cf1d9b,Nike,Electronics,2
3f16e43e-c21a-4104-ba44-fd444307cc75,LG,Electronics,3
3f4fa04d-7ae1-4aec-a796-373907d282de,Apple,Electronics,2
3f52decd-5d97-4d10-8003-e17738f9f86c,Sony,Electronics,2
3f641b02-e542-4dc1-8697-75ee3784b90a,Sephora,Electronics,3
3f664965-7e92-497e-9f4c-949676768e87,Levi's,Electronics,2
3f69c3a7-cced-4ca0-b7ec-abddb4efda51,Ikea,Electronics,4
3f717ae3-b032-410b-9b07-76df64420e88,Panasonic,Electronics,3
3f82b986-e30d-4f8a-bf40-1f2fa6b41671,Ikea,Electronics,2
3fa50e00-a870-4d03-95ed-87d7a4050f3d,Puma,Electronics,3
3fbd71c6-e75c-457c-a69f-e51808d40c29,L'Oreal,Electronics,2
40041f25-7bc4-42bd-b70d-f74eab890bfc,Sephora,Beauty,4
40565987-3665-4511-b32d-b7611ca1f9f6,Samsung,Beauty,2
4091f993-3ef7-4048-a739-0859f2027d1b,Adidas,Electronics,2
409672ef-c661-465a-89cd-4550041d9803,Dove,Clothing,2
40a48ea2-c45c-491b-9ac5-715d4ed8c794,Nike,Beauty,2
40fb72da-1f5f-49b0-9c3b-815130456d22,Ikea,Clothing,2
4129a7b0-a1ee-4e0a-aeeb-a67acdd6d0d7,Samsung,Clothing,4
4175d7bd-a091-40f1-835f-c217ba629525,L'Oreal,Beauty,3
419cca31-dcfc-4b2d-9dc7-b46f1c956a73,Whirlpool,Electronics,2
41b7fa24-ae99-4e69-a038-a296c4a4aeb7,Whirlpool,Electronics,4
42270e45-82c4-4506-8e75-e565bd4a99e2,Sephora,Beauty,2
4288bef6-638f-4aa3-928b-ffef31c4d48f,Nivea,Clothing,5
429fb9b4-319c-4037-9a10-74bce619eb7f,Ikea,Beauty,2
42d1255e-1f34-431f-a6db-90407f8b60b2,Ikea,Beauty,2
42d561e4-ad08-47eb-9e47-7245bba75fff,L'Oreal,Beauty,2
432f1bc2-5fb7-4fa6-b4a2-3ce267922587,Nivea,Beauty,3
43334a28-7da5-4a98-8aec-2a6758d48d41,Levi's,Beauty,3
4351d579-b0ba-4fea-83ff-5c42fc74f013,Adidas,Electronics,2
4395c77d-a71c-40e3-b7b5-0bf290d2b6a8,Whirlpool,Electronics,3
4397e770-e11f-4439-b356-7ff5ac4908d3,Samsung,Clothing,2
44254069-139a-4c2c-9863-6293712cf00b,LG,Clothing,2
44328870-7cec-4e39-9edd-098fbfe750ad,Nike,Clothing,2
44f218ea-4937-4a3b-879f-3540b35c9d5d,L'Oreal,Beauty,2
454f870c-669d-4a7b-bf6c-3e05e3fd73b9,Samsung,Beauty,3
45888d3c-332a-45ef-b017-a0f6a39202df,Levi's,Electronics,2
45983c10-2d92-4b5a-92f1-c20f30aafb37,Adidas,Clothing,3
45b033bf-e5e0-42a6-861e-44c6ebbc3fec,Philips,Electronics,3
45c39d7c-bda8-4956-89ed-8fe04aa5f5e7,Nike,Electronics,2
45cd7c73-57cf-4b22-bd13-c2918d32e574,Philips,Electronics,2
45e2123b-c027-4032-a5cb-0e58c158da3b,Puma,Electronics,3
4614e88f-9f00-4446-96e6-15fe00d355ea,Philips,Beauty,2
46217f7e-e00d-4854-9626-e17b05c5e5e3,Ikea,Electronics,3
4695075a-7e42-4f27-a620-92b7dc14d9a8,Nike,Electronics,2
46f63cfb-125c-45c8-8fbc-bc0f2ef1cce4,Adidas,Beauty,2
470af10d-3b96-4a44-8351-8369d513fcc7,Philips,Electronics,2
47e5c036-235b-4ce3-813b-b4b9a5aee296,L'Oreal,Electronics,2
47f242c9-8dee-4720-9f98-a9ed0ad5c696,Apple,Electronics,3
481fb7ce-6131-4325-bf5a-73a542dedaf6,Panasonic,Electronics,2
484b389a-dfd2-4d00-942b-559af700e10e,Dove,Clothing,2
489b885d-3d9e-4759-8efd-b958d16b333c,Adidas,Electronics,4
48d31f3f-ac09-4d07-92fb-42c52287b2ba,Dove,Beauty,2
49b49f39-1366-4a25-983a-fa56c4d7d5fc,Nike,Electronics,3
49c453ab-ec28-4a14-89cf-de383e4be803,Puma,Beauty,3
49dba64e-6f62-4911-b47d-18c47063ffb1,Whirlpool,Clothing,4
49f98f61-0d3a-4409-a158-77041fb5141a,Apple,Electronics,2
4a3e3830-3e35-482e-8060-8e2ac615981b,Dove,Electronics,2
4a507db8-ec10-4afc-97bf-676e7bdf34a2,Sephora,Beauty,2
4a60127c-85e6-4aa8-86a8-275c26d179af,Nike,Electronics,2
4a71918a-6a6b-4dc9-b4c2-5eae0cc7acb5,Philips,Electronics,2
4a7d079b-9d9f-42d3-bcd1-b6347436c22c,Apple,Beauty,2
4a88f685-3472-4955-97a2-30c7573f1a92,Sephora,Beauty,2
4ac2804f-d886-4403-b3ca-ab19b5bd4275,Adidas,Electronics,2
4ae8fbb8-9c61-4eae-bacd-7e6b7542de1b,Adidas,Electronics,2
4af39940-49a5-4e2a-989b-facd793760e9,Adidas,Electronics,2
4b20efa2-ea63-498d-9eed-9d0439874c05,Adidas,Beauty,4
4b461fbb-5b18-48d3-b30d-2e63451a7d58,Ikea,Electronics,2
4bc085df-beac-4e77-a7e8-79c105e2bf4d,Whirlpool,Electronics,2
4be3ea11-1785-4da6-b11f-e1b25625ef9e,Puma,Electronics,2
4c10c89d-55a2-4137-b3b2-cf1d073b226a,LG,Electronics,2
4c8a1121-dc58-41c2-a8ab-07337fc9afa7,Whirlpool,Electronics,3
4cacbc30-ffb6-49ff-b43d-51caab88c784,Nivea,Electronics,2
4cf0e33e-a4b7-41ba-b39f-4bb93babafca,Whirlpool,Electronics,2
4d1733bb-964d-4a47-b919-54688343e500,L'Oreal,Clothing,3
4d88c970-c35b-4b0b-99a4-5f918ae6c150,Dove,Beauty,2
4daa1a53-3312-42ee-a4fa-1e02954e3782,L'Oreal,Beauty,3
4deb3514-805f-4e09-9d22-b484aaf9b1b5,Ikea,Electronics,2
4e3cdab2-24a2-4f53-96a7-3f215851c5bf,Adidas,Electronics,2
4e8a34ef-f3fe-4ff5-89c1-b22e703553a5,Sony,Electronics,2
4eef46a7-7798-4748-93e9-fd7e13482a01,Samsung,Electronics,4
4f8e78c6-3345-4e43-8aa4-dec865ea6ffd,Samsung,Beauty,2
4fe17c4c-b42b-45fd-b4d8-9afff8afe3e3,L'Oreal,Beauty,2
501a5943-99bd-4a63-851c-e31a7a98b23c,LG,Beauty,4
507bbd10-3245-4ddc-9dff-9fb443f033e0,Samsung,Electronics,3
509d3a65-5a5f-49bd-88a5-feee38e23973,Levi's,Clothing,3
50a31fe4-8d6d-4be0-ab9d-200325efa20f,L'Oreal,Beauty,4
50b525a1-237c-45b8-b39f-dc843474e358,Levi's,Beauty,2
50e22126-3c37-48ad-b5c3-e28ecca9275c,Samsung,Beauty,2
513b6c73-c5ed-40a6-b36a-374b01b98b97,Nivea,Electronics,4
51615cf0-afb0-41f2-b1a0-49b11c76d8da,Ikea,Electronics,2
5188a8a2-05b6-4fe6-8c80-b01f533f2ca1,Ikea,Clothing,3
51ad6e63-0bac-4faa-aae2-d1e0bece9127,Sephora,Beauty,3
51fb498c-a135-4440-b7e8-e4f749e10fdf,Apple,Beauty,2
52466a11-31c0-4e7e-9ef8-c305fa2d045f,Nivea,Electronics,2
526e7633-6013-4927-b272-e977a10f50d5,Dove,Beauty,2
52d20ea8-ed64-4118-8885-881c064a3df0,Sephora,Beauty,2
530ab7a7-ae36-46af-871d-09702b537cf0,LG,Beauty,2
5319148e-fb96-4ed7-8ca5-0b5b0fb9d7a7,Samsung,Electronics,2
531e5106-ef00-4235-ac90-7d7c239d230f,Ikea,Beauty,2
53909f2e-e96c-418f-8b8e-25696c24bef0,Samsung,Electronics,2
53faee34-b526-4fbf-8dfe-2da224e4d9f9,Levi's,Electronics,3
53fd986b-66ef-4918-9c00-6fcc6518e3b9,Nike,Clothing,2
54714f72-bc0b-457f-854e-842f00195309,Whirlpool,Beauty,2
547ea474-405c-4f32-9db5-91a2e2759a4d,Apple,Electronics,3
54857212-9749-4e29-889b-bb62f501c47b,Whirlpool,Beauty,3
54b3f98d-2389-41e1-b22b-8172642413e7,Nike,Clothing,3
54e202f6-e20e-4e50-8d9c-698b4b6c6387,LG,Electronics,2
5507fc96-1bb4-4651-8166-76cfdc7e6558,Sephora,Clothing,2
55080bc0-0f2c-4c82-bd7f-fc3de9014d8b,LG,Electronics,2
553cf135-aabf-4dcd-bd79-b70b5bde2e5f,Nivea,Beauty,2
55459661-4c50-40f9-af23-b0186249e87f,Whirlpool,Beauty,2
55562421-1008-431f-b968-277d59d6dbf7,Samsung,Electronics,3
55a66c75-0e42-4a9d-820b-2e568f5ecb16,Dove,Beauty,3
561e94f0-3e6a-4a2b-a452-0f0c55346d5e,Apple,Electronics,2
5667bd9a-f9e1-490c-99bf-363dc4e3bb37,Philips,Beauty,2
567a5fb3-dfb9-42d5-af7d-f32235fabc59,Samsung,Beauty,2
5694df51-0a95-4049-abc5-fc1f9a573d23,Sephora,Electronics,3
569d8b35-def7-41f2-b03c-aa5d2fa8ac27,Whirlpool,Electronics,3
56aba79e-53f5-4596-87e7-8ba24287e07b,Philips,Electronics,2
56c6e96e-0d9c-4c60-89aa-b0694a8853f0,Dove,Electronics,3
56f1504c-ed0f-4b51-b5d9-23d43662b2f1,Samsung,Clothing,2
573b23b8-b987-4848-91b2-fec79fe48f45,Apple,Electronics,2
5748299a-51e8-46d2-88c1-1f71ae72bc37,Sephora,Electronics,3
5754e91d-ab41-4bac-acd9-1c8140ba11ca,Samsung,Electronics,3
578a7a70-03a4-42f3-a26e-55272a75775e,Adidas,Electronics,2
57b52ffd-5c9d-4d3b-8bc9-64309467cc0c,LG,Electronics,3
57fcab8e-c920-4a8f-ba97-31a9d2361ff1,Nike,Beauty,2
5805d0b4-cefd-49e8-acb7-2dffc3a62c86,Philips,Electronics,3
5858b340-33a8-49fb-bd2b-fb9443ba0706,L'Oreal,Beauty,3
58991db6-77ef-40ac-b5e5-3f563d48e97f,Nivea,Beauty,2
590fbbde-4cf3-46de-9933-bc1a5927b357,Levi's,Electronics,2
5911351a-e64c-4f9f-91d4-600c289642aa,Levi's,Electronics,3
5914630b-2150-4883-8451-4aa3e52884b9,Nivea,Beauty,2
59397746-6f4e-467b-abe2-aa17780df76f,Nivea,Beauty,2
59696c56-8dbb-48c5-b97f-0a74025e01f8,Sony,Clothing,3
59854bba-2ac6-43a5-8661-ebc657b35538,Dove,Electronics,2
598fdad2-886d-45b8-87df-e1f19e354eb6,Puma,Electronics,2
59b3e2c6-9c08-4598-b994-f56fc9ff8852,L'Oreal,Clothing,2
59c92b6a-60f1-40c0-924d-0480f0872341,Samsung,Electronics,3
5a240de4-17ac-47d1-baba-752922761889,Levi's,Clothing,2
5a6a60cc-9c00-413b-9e6c-9048d5421872,Levi's,Electronics,4
5a7b6f8b-6040-4ea4-b7ee-72edaa8c803d,Samsung,Electronics,3
5b38e885-ed80-4c14-b8d6-72ecdcb5e11e,L'Oreal,Beauty,2
5bf06298-a98c-4609-88a5-fd8850a450ac,Adidas,Electronics,2
5bf97780-c7c9-4c6f-ac37-c4ecb721269c,Sony,Clothing,2
5c396699-807a-4a4b-9a94-79f63cc0060e,L'Oreal,Beauty,2
5c4d649b-c4dc-4f9c-919c-84bbad7c7cc0,Nivea,Electronics,3
5d4b6294-8a3c-42c2-832f-044b5d718654,Whirlpool,Electronics,3
5d537d56-6a92-49f1-90eb-0517b5fd79dd,Sony,Electronics,2
5d592ab8-02b2-4778-b90b-981c5f67f877,Philips,Electronics,2
5d83c601-d4b5-4a87-a3ef-1fbad09fbfe9,LG,Beauty,3
5db573c5-2e52-4715-97cb-bcf17ee6c057,Adidas,Clothing,4
5def792f-edc1-4c56-b4e9-0b99c1922fb5,Panasonic,Electronics,2
5dfcbe57-2b7f-4994-9bce-66fa4ef28a31,Adidas,Electronics,2
5e1bd857-f33f-457b-9600-4fb52748067b,Levi's,Electronics,2
5e27e2c4-bb84-4dcf-b17b-a218e8d0545c,L'Oreal,Clothing,5
5e90837a-7d0e-4e9b-a0e1-f4c6f3a09142,Nike,Electronics,2
5ed90b5a-5032-4617-b81f-cdb56d1a59ac,Nike,Electronics,3
5f4807cf-5d8e-4cbb-a686-371dae8979e9,Philips,Electronics,3
5f64a6cb-74ec-4898-bc74-da25ec7ea178,Ikea,Clothing,2
5f73a936-aa99-4ba9-9c14-d99e5cf3ed5f,Nike,Electronics,3
5f7d3ca3-f844-4f3d-88ba-3d12dcfbdf74,Panasonic,Electronics,2
5f9395b7-2c3f-44c2-ae32-f24f5bef6fac,Philips,Clothing,2
5f99d382-446e-4571-bd5a-506df30cefae,Philips,Beauty,2
5fbac25a-6b49-44aa-804a-065fcea010af,L'Oreal,Beauty,2
60199a31-4154-4124-8743-06b406e4a5a5,Levi's,Electronics,2
60231d21-b1b1-4cea-9e9f-b883ecca1db7,Nike,Electronics,3
602503f9-6af7-4637-a395-26296d70bb1a,Samsung,Electronics,2
60335acf-477f-47ea-8f72-cfc2ee70100f,Apple,Electronics,3
6046c69a-52b3-4d01-9da6-98f397b874d9,Dove,Beauty,5
609a8907-90d5-46ec-a0b6-0d3a223c5219,Adidas,Electronics,3
60c67bd3-2f55-49ff-b7eb-6286144bec4b,Ikea,Electronics,3
60c73d96-ad0a-40fa-8972-a62f765e708d,Apple,Electronics,3
60e94493-55d6-4724-93fa-3eb3e55ff3d5,Apple,Electronics,2
611596a4-eaf1-4a15-9743-158832dcc8a3,Dove,Clothing,2
611e2985-3d39-4e4c-bf29-763c19e03c24,Puma,Clothing,2
614ff47c-c02e-4654-92e0-6e341e557a04,Puma,Beauty,3
61ef3a9b-8c4d-45df-96e8-f1c9707a20a0,Dove,Clothing,2
61f9eb2f-fee1-4032-a7f9-e4df00d23c48,Nivea,Electronics,2
6255c9e9-9fce-46cc-94b7-81cb2b0ec32f,Philips,Clothing,4
6273ac31-29ae-4412-8fec-aa35b5486773,Sony,Electronics,3
628162e6-1a9c-4314-b606-99df048f3a20,Apple,Electronics,2
62a244d0-45fb-4679-a0ed-a9537da123de,LG,Clothing,2
62b21933-8f1f-4aec-9614-b47990e744b7,Panasonic,Electronics,3
62e940c2-8ed5-462e-b0c4-008cbc8f5553,Philips,Clothing,3
6323dfaa-982a-484e-98f9-4e751b5a50a0,Panasonic,Electronics,2
633a8f72-7c35-4cee-af55-b218bcc4700c,Puma,Clothing,2
635a111b-fc87-4256-a7d9-3b90439b7a7d,Puma,Clothing,2
636207dc-79e6-49ff-be19-3dea85009b78,Nivea,Electronics,3
6385bd5d-3fed-43c1-bff2-b4af59e76004,Apple,Beauty,3
63d96ac3-6d7a-4948-b187-b942b7783924,Dove,Beauty,2
63e5425c-d672-4aea-ad79-50a7e60d3d01,Whirlpool,Clothing,6
64261946-f048-4939-b97a-ab73983cd7f4,Puma,Beauty,2
64536ec6-c459-4205-b75e-40f808f77c65,Dove,Clothing,2
64695f64-7c4a-4024-b95d-5ee928f5c89e,Philips,Beauty,2
64a829c6-328d-48cf-91d5-4937fdae43f0,Apple,Clothing,2
6562bf6b-7ef5-4efd-ac71-6a4447b36839,Nike,Electronics,2
6571eed9-a36f-4f05-983e-5f6e25571b3f,L'Oreal,Clothing,2
65b285f2-8485-4dd1-87a0-0cc0c1a94ff7,Adidas,Clothing,5
6615039d-6a1f-4dd2-b815-81bed01d8d09,Samsung,Electronics,2
665e9f4d-e57a-4818-9a05-7c5788328cb7,Samsung,Electronics,2
666878c4-c095-48b0-9573-dbfe6e468e92,Levi's,Clothing,2
66729dfb-39f5-43bc-ac0a-98f65b3a77ec,L'Oreal,Electronics,2
66ac4365-225a-48cf-9650-f06f8d3ecdcd,Levi's,Clothing,3
66d42bc4-86a5-495a-969c-08be3deb8839,Apple,Clothing,3
670da82b-56e6-47a2-ac0b-474ddb7c7486,Samsung,Beauty,3
674f555d-e707-40f8-965a-f29dd3f4d75c,Philips,Beauty,3
6757c0cc-657e-4cab-93d5-fede1d0cb941,Levi's,Electronics,2
6759f26c-8a45-424a-83d5-de5f2af73c10,Nike,Electronics,4
6772d079-ddd8-437a-9664-ff5a4f1208e6,Whirlpool,Electronics,2
67d77ced-d4e2-4f20-aa35-c16b8b6c50d0,Sony,Beauty,5
67e1ae05-c486-43c5-a482-d5946bf10dcb,LG,Clothing,2
67ee6fe9-db1e-4853-88c6-c0b64e1f64a9,Sephora,Beauty,2
6830d2d4-cd67-449c-ad16-221f647f276c,Dove,Electronics,2
6896a236-37f7-422a-a7e9-bde52cdd9ced,Ikea,Beauty,2
68a3d152-e97d-4dcb-84b5-3536cc952a05,Nivea,Clothing,2
68a4ab66-52e2-4dc5-a3fa-2c7334cc4b10,Whirlpool,Electronics,2
68efdea7-a51d-47fc-8c50-0e83e398fed7,Levi's,Beauty,2
6908638a-24e3-4845-a11d-3707e6b3b5d0,Ikea,Clothing,2
69219cda-9c44-4562-81ec-bbbff4bc16e7,Adidas,Clothing,5
692cf09f-b963-44b1-a76e-75a3a5bc38ea,Dove,Clothing,3
693f072b-3357-4f98-b7b1-baaae56fd0ab,Apple,Electronics,3
69807028-0cc6-45c7-b0b3-30c9c477eb39,Adidas,Beauty,2
6997b47a-60a0-4364-8a7b-69c371a99c9f,Puma,Beauty,2
69c4214d-2658-4372-b40b-3cf4a27bfdb1,Apple,Beauty,2
6a2ecfb4-b1d9-4378-8ef5-f1555f2dcf15,LG,Beauty,3
6a332c13-dc83-4c69-bee5-085ca4f9b211,Sony,Electronics,2
6a5421e1-476e-4eb4-8fc0-7c04053e2924,LG,Beauty,3
6a647908-0f01-43e4-b105-b12f49ae396e,Whirlpool,Clothing,3
6a6ced78-5ee5-42d1-9567-5b7248ff9bad,Nike,Beauty,2
6b1137ba-97b0-4626-8be3-64567b6fd334,Philips,Clothing,2
6b1a051b-c933-421a-9515-57ed1e46e8b9,Panasonic,Electronics,3
6b3240f6-bb34-45b7-853f-f0c357a04b61,Nike,Beauty,2
6b467984-df0b-4ccb-a3b0-2f4f4d586c89,Puma,Clothing,2
6b6259fe-5615-454e-8897-d4f0c8ba4845,Nike,Clothing,2
6b930e19-cd3e-4a68-9de7-a6270e2c125a,Nike,Clothing,3
6bb11ce6-e7c8-49e2-bb9e-58a8b476a5a0,Sony,Electronics,3
6bb6b870-daf9-4f62-a012-da82d8c69242,L'Oreal,Clothing,3
6bc931a9-01df-40c4-a37b-376133f8db13,LG,Electronics,2
6bda1905-3db8-4039-af4d-cf2f6c8979b8,LG,Beauty,4
6bf0576e-c289-4400-b509-d34d0c9713e8,Adidas,Electronics,2
6bf7ae9d-acd2-4902-a5b9-e8b4d205b249,LG,Clothing,2
6c2e0143-f2b3-41b8-96d4-93c8395344f9,Nivea,Beauty,2
6c68c885-f6fa-4b14-9750-959b595d9b01,Sephora,Electronics,2
6cab74c7-8405-47cb-ae9a-5315e3c01423,Ikea,Electronics,2
6cc02081-94e4-4b38-846e-b610606f9e46,Philips,Electronics,2
6d14da38-dbe8-4aa8-96de-6ca073f0aa5a,L'Oreal,Beauty,5
6d60027c-4b92-4a15-b190-c013fcdc92ec,Whirlpool,Electronics,4
6d93dcaa-999b-4155-b926-b3c05cdbe83a,Adidas,Electronics,2
6da3ea4d-c728-4cf2-936e-7503a95cd5bc,Whirlpool,Electronics,3
6dad8eec-f07b-44ba-a511-0e2e204d786a,Panasonic,Electronics,3
6dc398fe-62ab-4e6b-bef0-911cda85ba3d,Adidas,Electronics,4
6df9815b-2b4d-4822-8a62-850a7feadb43,Levi's,Electronics,3
6e770891-3e39-4d7f-8849-d8e4c92a1c90,LG,Electronics,3
6eb0f962-dff3-4b0f-aee8-15d7d14bb391,Levi's,Beauty,3
6eba17de-41fd-4397-b3a8-463f8283f58d,Nike,Clothing,2
6ec8e380-0475-4fe7-a468-21f1ab9acdfd,Apple,Electronics,3
6eca9a28-4664-4889-8ea0-1d628d3942a3,Panasonic,Electronics,4
6ee0a030-b4fb-42de-b09f-ae15ca1ecfef,Nivea,Electronics,2
6ee22f85-3548-49ca-89a4-6bd58be36281,Dove,Beauty,5
6ee524ff-2453-42ad-92af-289a95662b27,Nike,Clothing,2
6f091c8c-a5e6-496a-b6a6-6ada71ee2983,Dove,Beauty,3
6f094a4d-e72a-4603-b990-147d6265d948,Sony,Electronics,2
6f0b70a2-bb4e-4adc-a4df-35e5d67c3759,Philips,Clothing,2
6f5b0bad-185a-4900-9146-dde325dd0796,LG,Clothing,4
6f5b4671-34f8-4166-bf76-ef3841eb06e2,Sephora,Beauty,3
6f8f7173-f4e5-4463-b294-97476510bf7e,Ikea,Beauty,2
703b8dac-7fd3-4c5d-8706-029ecb39a11a,Puma,Clothing,2
70454f96-55a4-4e88-92c2-fb59b9953f4f,Samsung,Electronics,2
705ac5e9-03f1-4f3a-8906-b0c4560ee9ee,Nike,Electronics,3
7068bdd7-bf2b-47fd-aba6-bd62785258e9,Panasonic,Electronics,3
70766ffe-9893-4199-bbd2-a0e88d8c3321,Philips,Beauty,2
70ef161f-b95f-4af2-a6e6-62b119c98666,L'Oreal,Clothing,2
71326813-35bc-489f-85ea-56f1b5038ae8,Philips,Beauty,4
713ea815-c71c-43de-883e-641ff66050c7,Adidas,Clothing,2
7154d8b4-b021-430f-b00b-c1dc5252e799,Whirlpool,Electronics,3
71578ce7-2962-4dad-9937-36ecc8569592,Samsung,Electronics,2
71591697-1d76-431a-be3e-f1cfdf57d2fc,Dove,Electronics,3
71663d63-ae27-4b4b-bbe2-9372a04c9442,Nivea,Electronics,2
716a10cd-ef07-4710-ac4e-0fd0d17f442f,Philips,Beauty,4
7174d4c8-f7cf-4828-95b9-4ddf2f2a9234,Adidas,Electronics,2
71acc870-8a84-44ed-bd15-ca7eea17510e,Panasonic,Clothing,5
71b4af20-f56b-4b21-ad35-e8a8ff5c7ecf,Nike,Beauty,2
71db761a-7de2-45fd-99f8-999c2bb829a8,Panasonic,Electronics,2
71eea2ae-6c4b-49b8-b24a-8ad4c1b9b271,Dove,Beauty,2
722581ab-6371-46e1-8b75-d2272de4b6a7,Levi's,Electronics,4
7244a0cc-f45c-4f5a-a61b-5a2460bb5e3d,Apple,Beauty,4
72a14077-41dd-48de-9eaf-e1bfe161d7d9,Nivea,Clothing,2
72eb17f5-d0c0-4b11-b444-02c9e8b2f1f1,Ikea,Clothing,3
72ed67a2-0722-4da9-8618-8723ceda0786,Nivea,Electronics,2
732a211a-fa3c-419e-aa13-3d56c8009070,Nike,Beauty,3
732c4556-3083-4e6d-ad7a-5f46d2c26430,Levi's,Beauty,2
73b81651-b096-41f5-8df3-3f7844d770c0,Levi's,Clothing,2
73dc57aa-9a51-4a9c-9082-a7791a54f331,Levi's,Electronics,2
73ef399c-4d64-4975-9a97-3b493a16f29b,Panasonic,Electronics,4
7409ea91-18ce-4ac0-ba00-c3a4f026685f,Ikea,Clothing,4
741dde8b-1a99-42db-a575-051e8a31d41f,Apple,Electronics,3
745fecc7-27a8-44fd-b6ca-bf205693cbbe,Apple,Electronics,3
74d5ef17-b494-4c01-bcfb-407b310030a6,Sony,Electronics,3
74dadec2-046b-42bd-bc45-d3a4318b909d,Adidas,Electronics,4
751bfacb-c727-4246-8ea0-534dfafcff40,Sephora,Electronics,5
756fa2c2-bb2d-4f2a-be2a-8395d11773b2,Adidas,Electronics,3
7573cbc5-4c4f-4033-bc75-797f8999b874,Dove,Electronics,2
75a27e34-8843-4274-93dc-a6892cbb8d47,Samsung,Electronics,3
75bf46f2-3f58-496e-b7c8-c39ad3439bf2,Ikea,Electronics,4
75cb44b3-9902-4a52-be0a-0cea10e8609a,L'Oreal,Beauty,3
75d526e7-907c-4f03-979b-8d92050f23f3,LG,Clothing,3
760db392-df0d-4116-b1cc-c362481c9cf0,Puma,Electronics,2
761c448c-c41f-4acc-b168-54ec302f11a7,Sony,Clothing,2
7638664a-9b60-4c2e-8a6c-f97bbdab1708,Panasonic,Electronics,5
764cde4f-d03a-4745-a164-8b1094113650,Whirlpool,Clothing,3
764e6305-2231-45b8-b502-f29f2903cac3,Levi's,Electronics,3
76f7ea33-ba4f-47c8-94de-b74a3ba53cf6,Levi's,Clothing,3
76ffb154-6989-4840-a910-4e3fc4e04615,Sephora,Electronics,2
77137794-f1ce-4ea7-aa23-1aeaadf77222,Puma,Electronics,2
77732e72-7763-4e4f-b29b-f00095aa9897,L'Oreal,Clothing,3
77d1c5fa-0b62-4cba-904a-fc8c5176ff4f,LG,Beauty,3
7826d768-4a78-4997-8647-f01ec98d8ae9,Sony,Electronics,3
7856e197-76b0-4e4d-81f3-54c8deffb575,Samsung,Electronics,3
78656c81-7b6e-4464-a86d-98951086cc41,Dove,Clothing,4
78967d32-e5da-49c8-af1d-73817f71868b,Ikea,Clothing,3
78c22fe0-84ca-4038-8490-d9001dd9476c,Puma,Electronics,2
78cbe1a9-2991-4ff0-8958-a92f3ae0b323,Philips,Electronics,3
78ebc136-54fa-4b74-a3d6-3278c79ef74c,Puma,Beauty,3
7915f94f-9a71-4633-b8ca-9f357055dda0,Adidas,Clothing,3
7950247d-338f-46ee-8169-6eb46a86d78f,Sephora,Electronics,2
79f47f5d-5060-4298-9d49-8636b733df32,Apple,Electronics,2
7a36f4f2-8fce-4ac1-816d-f223703e5545,Ikea,Electronics,2
7a507d3a-0fb9-4af6-821d-9072c8352a7b,Levi's,Electronics,3
7af73b22-afea-4492-8358-01600351f9d2,Sephora,Beauty,3
7b0322a6-cedc-4ada-b847-fcca6d1cabb1,Dove,Beauty,2
7b23ac33-106a-48f5-bad4-49e48d83dcf0,Nivea,Beauty,3
7b4d30dd-e040-4767-b4fa-cc96e8d1e160,Sephora,Electronics,3
7bbad6f8-060f-41b4-88f4-b068f96d0a66,Apple,Electronics,3
7bed5d98-98d7-40b2-af62-e0f21aa5ce9a,Dove,Electronics,3
7bf6cb40-7046-434f-90a1-346b77322e25,Sony,Electronics,4
7c52b540-78a8-4e26-948f-f91405432c8c,Nivea,Electronics,2
7c6a02d2-23b4-426c-9def-8ce0677447e8,Adidas,Electronics,2
7cde86d8-8c9e-4d63-9ded-107d722e2b32,Ikea,Beauty,2
7cdf04a9-6d3f-4606-938c-2832d06e0abb,Panasonic,Electronics,3
7d548f38-3714-4e76-abe6-bac4d74c71e7,Sony,Electronics,3
7d577210-61de-4142-8a96-d7c86de14c1b,Sony,Electronics,2
7db93135-8112-45a4-bae4-8f5da9e9e096,Puma,Clothing,2
7e2992c4-4082-4f21-85db-6609ce7f103a,Panasonic,Electronics,3
7e47b3b7-1273-43cf-b725-429bbcffca1a,Whirlpool,Beauty,2
7e8a1f8e-7f21-40e8-8d08-2410193fa8ed,Sony,Clothing,3
7ea17c89-4632-4663-9441-5a2f0c61a4b9,Ikea,Clothing,5
7ec577cd-a782-4908-a789-9b20892ff871,Levi's,Electronics,3
7f42c258-cf91-42b6-b159-43df2948bdce,Ikea,Electronics,2
7f544c92-3f19-4f85-b5b5-aebb37ffd6e6,Samsung,Clothing,2
7f80d49a-c918-48d5-b722-b6e66133b5d9,Levi's,Electronics,2
7fab63f5-c4b3-43a2-95c7-e659fffbe5b3,Philips,Beauty,2
7fc0a343-0e03-4fed-b7a3-76415a6dbbb5,L'Oreal,Clothing,4
7fc1e640-07b2-4dcb-ad1a-586fad45f430,Levi's,Electronics,2
7fc375be-2428-4b14-974c-01bdaf83ab01,Samsung,Electronics,4
800d5e3f-2a3b-40e5-8d95-0c7e0295501a,Ikea,Beauty,2
804ec6e0-7d12-4970-a34c-bd81758af4b7,L'Oreal,Beauty,3
80552643-f7fa-4dae-989b-24736a1d5ff4,Philips,Beauty,2
806c9c41-eec3-4259-bb3a-4b7a838ba7bc,Dove,Beauty,3
806f2439-fa8c-48e2-9248-0339fdbf21d1,LG,Electronics,2
808405cf-d372-4cc0-859c-8eec062afac5,Nike,Clothing,2
8094d2de-6082-40ba-a57e-207fc8d6e588,Whirlpool,Electronics,2
80c60166-3dd6-446f-ba8e-0c40498fd1bb,Panasonic,Clothing,2
81298f71-2088-4979-b811-ffa6fb98aacd,Apple,Clothing,3
81348497-5278-4623-b6f2-db27ad0ce999,Apple,Electronics,3
81489fbc-7f7e-43fe-89fa-1f5e53c4e318,Nivea,Beauty,2
81591341-de70-45fc-a38c-c34649949a0f,Sephora,Clothing,2
815a406b-5b94-45bc-80d1-3c0177f1a942,Levi's,Electronics,3
8160a23b-1d08-4e39-a43e-f65e9c77a234,Adidas,Clothing,4
818149ab-fbc1-4bc2-9c6d-6c0f8923c06b,Philips,Clothing,2
8189a330-3511-4971-974d-8aa7a8eab9c4,Levi's,Beauty,3
81ab11ae-bdd4-48f1-a6bf-bba9dcb2081a,Panasonic,Clothing,3
81e01e0f-64a2-4657-94a5-be3e070d3e86,Sony,Electronics,2
8231f3a7-ef2d-4abf-a1a1-6d1e110dc13f,Whirlpool,Clothing,2
82b006f2-d921-45c7-a826-6af84ad3ecc9,Ikea,Clothing,3
83005e27-e6d5-4b41-b34c-b82c9b00d8d4,LG,Beauty,2
83144224-b0f3-4c07-aebb-f9543ed5ab02,Dove,Electronics,2
831f1b59-edb1-4f75-9f90-df3b464d0d99,Sony,Electronics,2
8360ef80-24ce-437e-aa71-31d5b08c8f02,Sephora,Clothing,2
83bbaa19-96b8-4ced-94ba-51dfa66e2ce3,Sony,Beauty,4
83dd016f-e009-4c2b-ae09-3c6ae1f66cf7,Whirlpool,Beauty,4
83ebb620-6353-4d30-8149-5d4bd807970a,L'Oreal,Clothing,3
83ecc885-cff1-4758-a392-3e36e3a6961b,Whirlpool,Clothing,2
842ba733-ed7a-4eb9-8587-5c884ca26a50,Whirlpool,Clothing,3
8484a5cf-4c20-47cb-9459-ff1bb09ceb35,Apple,Electronics,4
84bb9b9c-5259-4bbf-803b-8edf54b0378a,Sephora,Beauty,3
850b5b7a-8f5b-424f-81e8-3250350bd6a0,Samsung,Electronics,2
854536e4-6860-4901-a315-8b6bd6c5426a,Dove,Clothing,5
85671068-ae5d-45aa-9be6-00f8e133ba04,Puma,Beauty,3
857a6ab5-0452-4a6a-af68-fae0059af01e,Nivea,Electronics,4
85a6febe-8a22-4a10-837d-9e51aef9b564,Philips,Clothing,3
85c0c67a-fd87-4867-830d-b06270d90578,Apple,Beauty,2
85c99a54-ac1b-4f01-b391-e7b2f3304c68,Nike,Beauty,2
85f83001-3cf3-41d3-8714-5d3cf9443c5b,Apple,Electronics,2
8612f6a3-76c1-4537-8749-cdf3f9cb43dc,Puma,Electronics,2
862c7ec0-c072-4147-8aea-35ee9c4be8a3,L'Oreal,Beauty,4
867d5ecd-ff1c-4775-a2cf-c4627e008b08,Ikea,Electronics,3
8697420d-8736-4873-9441-271a0b963f71,Puma,Electronics,4
86afc0b1-d525-4540-a71d-236074f643b3,Philips,Beauty,3
86b9198c-bb05-45e5-a2cc-883b18d82a52,Ikea,Electronics,2
86f1f82d-b835-4332-9bf9-6409db4cc1cd,Nivea,Clothing,3
86f4b88e-45c8-4287-bd36-f86a47d7d8aa,L'Oreal,Beauty,3
86f7aae2-c7ab-4923-a916-f1c168e5223f,Sony,Electronics,2
86fc23df-ccb0-4e94-b133-734407d97d4a,LG,Beauty,2
870ca130-1026-4644-9948-a11b1eff0eba,Samsung,Beauty,2
8737ddf9-57ff-4afc-aa0e-abbd66b5ae9a,Philips,Electronics,2
874152f5-d164-461c-819b-4a2645b736af,Sony,Electronics,2
874b313e-8c4a-441f-84c9-2117172e06e4,Whirlpool,Electronics,3
874cf61c-e493-4c35-9971-5b189130b539,Panasonic,Electronics,3
8783fced-3bd3-4b4b-b3b8-e9beb9d76122,Puma,Clothing,3
87f986f0-cad7-432f-9e71-959d99907a9c,Nike,Electronics,2
881d4f67-e71f-4933-a079-e4fae2c7d42c,Panasonic,Electronics,2
886b5f3c-d878-4a20-b49c-a5f221213d0b,Nike,Electronics,5
8890a08d-f86f-46a1-bec2-cf0f03300a32,Samsung,Electronics,5
88a05846-cf89-49c6-b5d8-f25d34e4f7dd,Sephora,Beauty,2
88ac9eaa-f51a-4b3d-b586-ba343a1ace71,Apple,Beauty,2
88c4b2ef-b609-4e86-a4e6-15c1579f31a6,Sephora,Beauty,2
88cf5646-0be6-4d9a-9360-ef6243eac3ca,Levi's,Clothing,2
891ad39c-256e-483d-8ff6-7e342644e61d,Levi's,Clothing,3
893e7306-d6bb-4f69-af63-4d8dc4dc8626,Apple,Electronics,2
895af052-9c0a-4d06-8b44-dec32681cd88,Nivea,Beauty,2
89631243-4d03-454f-bc4f-f8c7ec9f0aa6,Philips,Beauty,2
8963a73e-57d1-4978-87d5-72771a37054e,Sephora,Beauty,5
89b3afb2-6b1e-464a-bb1f-17d7d1bc2af2,Ikea,Electronics,3
89b74769-51f0-4d38-ace4-88567a8bd4a9,LG,Electronics,2
89cefe1f-8ecf-4054-8370-5b5e307b7a84,Puma,Electronics,3
89cf9048-1433-4b88-86c8-5fd6b82a3ccb,Nike,Beauty,3
8a057b22-293d-4cfa-a815-f7db1e3868f7,Nivea,Electronics,2
8a2269e9-358b-418d-9896-755c4c65beb5,Sony,Electronics,2
8a56b15a-21bc-4c65-80f0-c9ff32017c53,Sony,Beauty,3
8a798488-6f63-416a-bf56-31c8d9d8a18c,Apple,Clothing,2
8a8b0686-a530-4f68-affa-45c34c883719,Dove,Electronics,3
8ade5153-c837-4db0-9724-648560a2a2f1,Panasonic,Beauty,2
8b02dfce-b26b-4272-99ca-4fd4672bb4e5,Philips,Electronics,2
8b211938-33af-4718-aa28-eb9461001fcd,Puma,Beauty,2
8b495f6a-205f-4ec2-bbdd-d8abb799de7a,Levi's,Electronics,2
8b6fbb74-f51a-455e-a5bf-062bd55149eb,LG,Electronics,3
8bbd9f28-d2a5-4a92-aebe-4f361a0b6ebf,Nike,Beauty,4
8bd89e48-63ed-4c37-96b9-a69f62c3f61f,Samsung,Electronics,2
8bde0016-d15b-425e-8101-0ab201c15d52,Apple,Electronics,2
8bf5bb94-a5f0-434d-ba8b-4e30a05b60b2,Dove,Beauty,2
8c15af21-f9ea-44c8-98e1-06f58f4eed63,Nike,Electronics,3
8c3d43dc-5e39-41b2-99b4-760268eadc68,Sony,Electronics,2
8c3f6b66-1810-4f87-ba48-a70cd3efcf63,Nike,Electronics,2
8c4f0185-f936-4fbd-b765-00a28fd9295d,LG,Electronics,2
8c730fe5-6ac5-4077-ab38-99275d3d131e,Philips,Electronics,2
8c7603a1-1a18-468e-97d0-5b4e42ac1534,Nivea,Beauty,4
8c8309e1-1dd1-4f2a-9c25-6ede8da68fd9,Nike,Clothing,2
8cb0f668-5130-4e5a-a7ee-661e6fd5d898,Sephora,Beauty,3
8cdbcc2b-24e8-4297-a605-01205d3957cc,Ikea,Electronics,3
8d0d12bf-03ea-46f6-bbe8-ecaf5457651c,Levi's,Electronics,3
8d170e12-39fa-4b1a-89c4-98acc6689963,Sephora,Electronics,2
8d40a475-a049-4640-bcd9-422d9054c4fe,Whirlpool,Electronics,3
8d494823-cc9a-49b3-b8b9-b33bee4601a7,L'Oreal,Clothing,3
8d4d0162-9e18-4722-b504-c94e329d728f,LG,Electronics,2
8d5b8828-de47-49d4-92fd-eedd109c6b3e,Nike,Clothing,3
8dc92ce1-44da-4bec-b659-f2c0fdf474fb,Ikea,Electronics,3
8dfc31bd-a691-4905-890c-a8f216dda4b1,Ikea,Electronics,5
8e042560-b2ce-4e3a-8ac8-bf94fcf4ee8e,Ikea,Beauty,4
8e2e755b-8f1a-465f-9380-0c06f761b128,Puma,Electronics,3
8e3e6417-8c9a-4ac8-891b-4f905c94576f,Sony,Clothing,2
8e3ed44a-ffa0-4e17-92de-690530d59d77,Whirlpool,Clothing,2
8e44156e-5a03-44b2-8574-bd0e279dfbc8,Ikea,Electronics,4
8e8a340e-75f6-49d5-9257-04533c6eb747,Whirlpool,Electronics,3
8e8a8376-1fcb-49f3-83a5-749bfa6ada45,Apple,Electronics,2
8ed2c868-2b2f-4356-ba2b-74438b45f2c4,Adidas,Electronics,3
8f02d081-3813-4b60-b00e-bac40c92f47f,Nivea,Beauty,3
8f2bd82b-e053-4183-b064-e29251c56242,Apple,Clothing,4
8f7ae065-81de-4eb8-be93-a16afd4af80b,Whirlpool,Electronics,3
8f822e25-2d61-4ae7-bcdb-06a5c1915a62,L'Oreal,Electronics,2
8facc6bd-5181-4353-b763-cb7c9bebbefd,Apple,Electronics,2
8faf2658-b689-4fee-a532-3aa405d3d000,Apple,Electronics,3
8fd68130-2cee-404c-8973-9833869c79ea,Dove,Beauty,2
8feed34d-657d-4d09-8229-80570b7740c0,Apple,Electronics,2
90218158-fc8a-4b16-abbb-b150ed997ff1,Dove,Electronics,3
90750cf4-bf7f-42a5-ba8e-e7ba5a7b659a,Nivea,Clothing,2
90c6b40e-2bdb-4838-bb7b-e00157b4c855,Nike,Clothing,2
90ce5604-97ac-4f64-9438-3f6bf6021008,Apple,Electronics,2
91421a95-0192-4bee-88cd-a9ef08e8e190,Sephora,Beauty,4
915b282a-673e-4d62-8c7e-66f214bdc5db,Dove,Beauty,6
9164b5e2-2ed8-4e51-ae44-aef9b601e009,Dove,Beauty,3
9173cf80-cec1-46c2-a9ce-aa2a3524cc42,Panasonic,Electronics,3
91891e8c-7895-460f-abcf-46741e3e11f8,Nike,Electronics,3
91d7df0b-989c-4697-9b30-331a98b6a67e,Apple,Clothing,2
91d845ca-8031-43b0-99ba-0733c2395393,L'Oreal,Electronics,2
91f96200-0827-4bcc-8557-27039c4dc75c,Apple,Electronics,2
92030f4c-59ab-4f26-85d1-cb5fdb1d2b4e,L'Oreal,Clothing,2
92a24aea-3af0-422e-b1a1-7b98840c0964,Nivea,Electronics,2
92c4ae72-d52e-4fb4-a63c-980ec47832ee,LG,Clothing,3
93204a11-152e-48e9-99af-10d1a33c1ce1,Levi's,Electronics,2
93315920-ded5-4ef4-b8fe-0305073eaf86,LG,Beauty,2
93640dcc-cff3-4c09-833d-c34fef128b8f,Samsung,Clothing,2
9369792a-a3a2-4176-9bbe-42b8280a3f5d,Philips,Electronics,3
93dd0b50-127d-443f-b7be-a4beaffa6daa,Philips,Electronics,2
93f411c1-7760-4e3c-98bf-9644239a72d0,Ikea,Electronics,3
9413e7cf-680b-4d40-98a7-b75d51b913e5,Nivea,Clothing,2
94805863-533c-42d1-af9e-13b23bb517f9,Levi's,Electronics,2
94805d32-1ca3-4ec7-ba9e-d10d2bf467fe,Whirlpool,Electronics,3
94cd2c74-3717-41c0-a7bf-9a336f103f28,Sony,Electronics,4
94d6f368-fbee-4f78-a56a-833233a3ef00,Apple,Electronics,3
95257358-69a2-4dc0-9892-5d9d39332659,Sephora,Beauty,3
9588c642-12af-4cf5-a28e-7dda5519371c,Nivea,Beauty,3
95c93c4f-802a-4e22-ae52-9a6da45f0840,Dove,Clothing,3
961ae7c3-f7fd-4fc5-b842-0186698616b6,Whirlpool,Beauty,2
964f431c-e650-4d7e-a662-1c0f079e815e,LG,Clothing,2
96b475de-25b7-45de-b59a-336243760836,L'Oreal,Beauty,3
96ea42f0-b960-4a0c-96f8-18faa6bf6bed,Dove,Electronics,2
96fd5e0b-2877-4892-8501-3eb4267341ab,Whirlpool,Electronics,3
970c3dc8-06e3-41c4-9706-30b5d16d6028,LG,Electronics,2
9758ede4-1cfc-4798-be47-81d7afc70219,Ikea,Electronics,2
976aea5b-e268-4c41-8351-0f531c0b96a0,Panasonic,Electronics,3
97863ecf-b78e-4418-b313-32e9c8d957c5,Puma,Electronics,3
97b6630d-1125-4555-8f79-93451cd3f1d7,Sony,Electronics,2
97bb1eb3-14c6-49bb-bc74-132d53d8529e,Sephora,Beauty,2
97f0b86b-41f0-4703-bf7f-71ce31756b66,Levi's,Electronics,2
981f1c67-35b7-4a8b-8e6f-03d98fd156ed,Apple,Electronics,2
9843c25a-4980-41c0-a7ee-4c1713c60336,Whirlpool,Electronics,2
984d34f8-41ff-469e-b463-5d9bc6af9698,Sony,Electronics,2
984f0a7f-574a-4239-8d4a-09ad3dd4e3b8,Sony,Clothing,4
985b8536-652f-44c5-8999-c5d51ee15761,Dove,Clothing,3
987425fe-f166-4229-aba1-7b117b3aac46,Whirlpool,Electronics,3
987f635d-185b-47a9-a18b-c9eea8cc4ffc,Adidas,Beauty,2
991cb67c-5433-4251-b647-711946d09762,Panasonic,Electronics,2
9a3eed59-7009-4620-aa43-db4ec1a5e2b7,Apple,Beauty,2
9a540a72-28d6-45a2-997d-5d5484a9395f,L'Oreal,Clothing,3
9ab9b498-a5fd-4472-9b75-a346b4c01257,Sephora,Beauty,2
9acd0ad3-cc6a-47cf-8c0f-0494ca950d0f,Whirlpool,Electronics,2
9af8ad24-5393-4134-bfb0-068ee6985877,Samsung,Electronics,2
9b16bd8d-8438-4527-9bbb-f231d8213161,Dove,Clothing,3
9b1a5c0a-96e5-40a9-a7a1-6007ff399420,Puma,Clothing,2
9b39901a-bf98-4661-b2e3-c7497410b6cc,Dove,Beauty,4
9b50cc36-52cb-45c0-8343-33b9f2e19ad0,Levi's,Electronics,3
9b588591-bdbc-4149-abe5-0401b2908001,Philips,Electronics,3
9b820a23-51ea-43bb-894f-7cf98b2be08c,Dove,Clothing,2
9bf8eb80-fb24-4aaf-a5df-7e47ac9ed94e,Panasonic,Electronics,2
9bfc5fda-0c67-4a25-95d2-f35a2911b521,Philips,Electronics,4
9c4739b4-2b2e-483a-bd15-c4c449078763,Samsung,Electronics,2
9ca985ac-0255-4708-8713-48a04f89c539,Nivea,Electronics,2
9cbe5d68-0f02-4b82-851e-d4a1faf5e99f,Dove,Electronics,3
9cbfb40d-cb5c-4fd3-814c-95dc190f1410,Adidas,Clothing,2
9cfdf40f-18e5-4271-91f7-e02bafb76504,Samsung,Clothing,2
9d012245-3f56-4885-b063-fbcbb55b6313,Ikea,Electronics,3
9da8dd69-1cef-42a8-add7-ef025c970417,Sephora,Beauty,2
9e580d2e-d918-4b16-8f84-6045a2e4cc40,Sephora,Beauty,2
9e6ff78a-fb03-4ebb-9d78-21a4be4a4528,Panasonic,Electronics,4
9ebe4f15-61b8-488f-bc92-9b2ad889ae5f,Levi's,Clothing,2
9edf4d12-3910-44f0-9299-514206cbc29f,Levi's,Clothing,3
9f40bb92-4951-444e-84f3-30de8f344c17,Dove,Electronics,2
9f446023-bb62-4b09-9bb7-080257d9d9f3,Sony,Beauty,3
9f7be0ca-4ccf-4784-ab8f-eedad9c2024c,Nike,Electronics,3
9f915100-c899-46f5-bd26-6fd666cfe13f,Sephora,Electronics,4
a05b0ce4-3c87-4ce7-861d-71f8bd76dd18,Nivea,Beauty,2
a06ccccd-676b-4da0-ae18-66ac75f561d0,Levi's,Electronics,4
a082ed77-1e5b-47e8-b705-e970e88bceb2,Apple,Beauty,2
a09181ae-6af7-4414-a896-aa07393e3ec7,LG,Electronics,2
a0b27e7e-4cbc-48cc-ab7c-2d70b741e57c,Ikea,Electronics,2
a1684d11-bbf9-4446-9e19-b7102ee37836,Samsung,Electronics,2
a171643d-87cd-4d05-8422-5477fc8f2e6c,Philips,Beauty,2
a1b2f014-7d5d-4d53-a56c-c0decab7e7f8,Sony,Electronics,2
a1d32444-bc49-458d-a788-16266c3d83b6,Samsung,Electronics,2
a1fd235a-8f01-461a-bacd-fbc44fa01ecd,Samsung,Electronics,4
a2987426-f845-4be5-a216-3b25fc96dc46,Adidas,Electronics,3
a2d03d7b-f7b1-4ecb-a176-0f6956a8f573,Puma,Clothing,5
a34caa9b-62fc-4a23-b10d-dc399365607a,Ikea,Clothing,2
a34eedf0-95a1-4611-88bd-42308b1bc77f,Ikea,Electronics,3
a379b511-3b39-4442-bc74-b82830de1791,Panasonic,Electronics,3
a37b31af-d6a4-4e7b-96f5-d2e32cb36634,L'Oreal,Electronics,2
a38e8291-65e5-497b-8a78-1cc38b1cb26b,Sephora,Beauty,3
a393cfd2-3d3e-4bd3-b778-55c5c7882383,Panasonic,Electronics,2
a4246f77-64a1-461b-a2ff-5e97732a8c36,Dove,Clothing,6
a461ffbd-f9eb-44e6-a242-5aa0d2f3d89d,L'Oreal,Electronics,3
a47098cc-d94d-4285-95f2-191161c4260e,Philips,Beauty,2
a47be6a9-0452-4006-9972-7c42388d4aa7,Apple,Beauty,4
a480f2cb-e6ef-4569-8a02-38889dc30925,Sephora,Clothing,2
a4c89b3c-9763-4af9-be27-a7f7b20d0854,Sony,Electronics,3
a4f595f3-3a12-4cd8-b759-445104ab0d79,Dove,Beauty,2
a4f754be-3d93-4ba9-b5b6-4427bfe18b68,Levi's,Electronics,3
a50abfaf-1afb-4db4-a94a-d14f26752714,Nivea,Clothing,2
a5443841-63ee-497c-80ea-207f26d81c38,Adidas,Clothing,3
a54fbb31-344e-49ee-b5ac-fbb57433d156,Dove,Beauty,2
a571f3a2-fb07-46ac-a04d-d793bdbbf0c5,L'Oreal,Beauty,3
a5872759-70b2-4487-862c-c593af201dea,Sephora,Beauty,3
a5b5d635-4674-47cb-8223-d161f7e8b209,Ikea,Electronics,2
a5d45dfa-f81b-420a-8946-2bca025587fa,Puma,Clothing,2
a5e5714b-ab91-4616-a15a-d3644c4e0916,Panasonic,Clothing,2
a6370004-1ada-41ce-a6e9-132a9e302761,LG,Beauty,2
a6913c71-860f-4357-a59b-9899ca1055d2,LG,Electronics,2
a69f1bba-6271-49d3-bcee-9840d2cd406b,Adidas,Electronics,2
a6d9387e-038a-4fef-aea0-5e9caafef4ff,Whirlpool,Electronics,3
a715f745-a4ed-468f-997b-c6467bad5543,Nike,Electronics,2
a73435a4-5fba-4e29-a13f-ff430360d9b9,Ikea,Clothing,2
a7495bb5-8d10-4e2d-9ae0-1ba2069fcb35,Dove,Beauty,2
a7581142-bcbd-49b9-ad75-9dc8c70739e8,Puma,Electronics,3
a7666b0a-74b1-4b17-9595-0d3c0371a82d,Ikea,Electronics,4
a779f514-9677-41f6-b111-113a0ab14237,Ikea,Electronics,3
a7810c7b-85df-4c6d-86a8-5f3733acf40e,Levi's,Electronics,2
a79c5b5d-76cb-40f9-85b6-0e50a7395f97,Adidas,Clothing,2
a7d0fcac-9f43-4560-9395-0ca54fcc68a4,Whirlpool,Clothing,2
a7d316c3-848b-4502-b8db-310399190419,Adidas,Clothing,2
a7ddfe55-7f60-4545-ade4-d80b64ce6dc4,Samsung,Electronics,2
a863ab18-76fd-45a4-90de-4afb64c52e7b,Dove,Clothing,2
a8692878-2a46-499a-89b7-26460b68caae,Ikea,Electronics,2
a8917fa7-cf08-4e33-9e54-4c5ad68151c1,Sony,Electronics,2
a8d1ec9c-c894-4ee8-a10f-1eec90239351,Whirlpool,Clothing,3
a8e94f42-7c27-4b5b-bc8d-c3506273c945,Sephora,Beauty,4
a91480a5-4dcc-4991-943a-3033fd796bb5,Apple,Electronics,2
a9b4b4e5-c46b-4666-b0db-56c4b5983598,Levi's,Beauty,3
a9cf1c02-9de4-4914-8473-70f07b26437c,LG,Electronics,2
aa1a03bd-cd0c-4ca7-a70d-a2f02cb8808a,Apple,Clothing,3
aa40d587-2b46-48b9-b2c7-3740f8eab890,Apple,Beauty,2
aa4e2985-446f-4895-a45c-a8a40d25fef9,LG,Electronics,4
aa7f761b-4e95-4af0-8d25-fee564069b45,Nivea,Beauty,3
aa8b4a45-b753-4022-aab3-820434f9bbca,Adidas,Beauty,2
aab377b3-0ce2-4476-83c6-e7f70dcb4b86,Apple,Electronics,4
aafca339-a45a-4cf2-891a-1cc6d3e36e15,Levi's,Beauty,2
ab20f41f-3625-4334-a0fc-7f0796545c78,Samsung,Beauty,3
ab2142f1-3900-4776-8702-9edba9e2a934,Samsung,Electronics,3
ab5f1a27-ab88-498f-951a-8f0421a0dc3e,Samsung,Electronics,4
ab96bb6a-abae-40a6-8475-c97665fd0e80,Puma,Clothing,2
aba73824-b4dc-4002-99b3-574d7087f71a,L'Oreal,Beauty,4
abd6f3b0-6024-419a-9cd7-addf20a8e063,Puma,Electronics,3
abf68094-2108-4734-97f5-2e4c7723743a,Levi's,Electronics,4
ac0fdfb5-bbdc-4068-a4e3-4cf294741353,Puma,Clothing,4
ac1afe55-a836-488f-a375-a11222056b9a,Nike,Electronics,2
ac211ce4-501a-4271-9fd0-c380ebbb68f5,Nivea,Beauty,2
aca18a5f-a6d7-4e15-9cc9-5fa4076a8c69,Samsung,Clothing,2
ad12780e-2f1e-431f-b3f8-077988af491f,Nike,Beauty,3
ad24a425-c7ad-4ebd-b904-f267195a0844,Whirlpool,Electronics,2
ad34803f-f244-4627-bc1e-6590b345f340,Sony,Electronics,3
ad36576b-b031-496d-99ae-d3b5567bcb1b,Adidas,Electronics,4
ad37fcb8-16eb-4d1f-ac1c-9a8b93233b04,Apple,Electronics,2
ad750f3b-2518-4361-bead-9eb632be0bf3,L'Oreal,Electronics,2
adc61195-5f11-4f19-b071-c2fe01ca77cf,Sephora,Beauty,4
ade8c1f9-e5c5-4ef7-81fe-52c5d3293a50,Nivea,Electronics,3
adff1f87-9623-4145-a420-ae408e1ccc4d,Puma,Electronics,4
ae67826b-1ab1-48bf-94e7-1eb6d54db7d8,LG,Electronics,3
ae685dc2-2a0a-4cf0-b006-dc3ff72c17cd,Sephora,Electronics,2
ae7569dc-3bf7-48e5-ae11-00aca2bd7431,Samsung,Beauty,3
ae8150b2-d4ac-4d9c-9b13-db9ab244a75c,Adidas,Beauty,4
ae89230f-f46b-4e0c-9cd2-0ab5c4eb6b66,Levi's,Electronics,2
ae954a8c-576d-4995-b571-4c91e6d966de,LG,Clothing,3
aeba5a22-7ce9-442f-a66c-b985251fb1e3,L'Oreal,Beauty,3
aebdead1-efb9-4f48-aff1-2c43d217a4c1,Apple,Clothing,2
af039a2b-29b4-4da8-9cc5-06d2b279997b,Whirlpool,Electronics,2
af2f9015-e235-45fd-9824-e7c567e7c084,Philips,Beauty,3
af7db38a-9047-478b-8546-8853de603f1c,Ikea,Beauty,2
afad030b-34ae-4d6b-aa28-a47eaf98b84d,Levi's,Electronics,2
afd43a9c-3906-4f63-b566-fb4e359ce20c,Philips,Electronics,3
afff8786-057e-4be6-8504-b8debe3e4a0b,Levi's,Electronics,3
b01233d2-5a40-4019-941e-2c7ca0683ae4,Whirlpool,Electronics,2
b0220791-13bc-4983-a04c-0af4f06d1561,Nivea,Electronics,4
b022794e-4a1f-4377-9551-35e3cac68e0b,Adidas,Clothing,3
b0259db7-4adf-4ccd-9a22-04d676668a3b,Sephora,Electronics,2
b07223be-84b2-407b-b559-9ef0fb43728b,Nivea,Electronics,2
b07edc63-4b29-4dfd-bc7c-54b9ce73e35d,Panasonic,Beauty,2
b0ad0684-01d7-4f97-b40b-b8470e7ffff8,L'Oreal,Electronics,2
b0d1f876-86f9-48be-bb35-47713a47dbf2,Puma,Electronics,2
b0e565e5-a536-4b62-a58e-04f1881fa431,Nivea,Electronics,3
b0f67466-0365-4e8d-a9ef-5601a26f6d20,Levi's,Electronics,3
b1504924-f10c-42a6-9486-28dcd999c2ac,Sephora,Beauty,2
b1735d46-adc8-4e59-86d0-b554b0e333fa,LG,Electronics,2
b1af7a70-8f32-4b52-9b81-8c7834ecfb4e,Ikea,Electronics,3
b2442fed-d4c3-4483-aed7-374aedf7855d,Apple,Electronics,3
b25f246a-ecd8-4f07-903b-d204f635994c,Nike,Electronics,2
b25fe084-1099-455d-ba74-4143311e3e94,Ikea,Beauty,3
b29db5b1-88be-4261-9fdb-b1faf312db0d,Panasonic,Beauty,2
b2b86b7a-7e1b-4fad-b745-177280f3fcfc,Samsung,Electronics,3
b30ae3db-d67b-4aac-a34e-7d1e68e5d66e,Sephora,Electronics,3
b3107cdb-f8ee-479f-9cf7-7fc604d64075,Philips,Clothing,3
b343f201-ccf4-4eea-94cc-0dcb44cd3757,Levi's,Electronics,2
b362a65b-ea6f-40a6-be6e-3e0f2bc8be57,Puma,Clothing,2
b36a14c6-7461-40b3-9b93-2f81664a9096,LG,Electronics,2
b3e5d790-4cc1-4cc5-a88a-65eb9c4d69f0,LG,Electronics,2
b3e92bfe-fa57-4765-8b14-af025e6f8ad5,LG,Electronics,2
b3f25b2a-6cfa-4fcf-a198-46e34c9e6119,Panasonic,Electronics,5
b4578c18-4ce9-4278-a002-0111d3f2961f,Nivea,Beauty,5
b472128e-ad79-431c-b235-2c490001210b,Levi's,Clothing,2
b4def0e1-7df9-43f4-b3b9-b1d65f2c9376,Adidas,Clothing,2
b5007424-09b4-4bd8-a0bc-61218de7bb6a,Samsung,Electronics,2
b52d982d-4927-486d-b97c-e98b2ad730c3,Whirlpool,Electronics,2
b53d2ffc-0e43-47c5-8572-5fc244ae5fa0,Samsung,Electronics,3
b5c2b3f4-72f2-421e-a06e-c52db15de48d,Levi's,Beauty,2
b5dff37c-b64b-426c-8770-9b03b54de98f,Puma,Electronics,4
b5e2e568-3c60-49ae-a4b7-005b58805b4d,Sony,Clothing,2
b5e31360-5cb1-4298-b478-029eda6913f4,Levi's,Beauty,2
b5f3b030-2a68-4fa2-8c92-d56bebd13eee,Panasonic,Electronics,3
b64c4eb8-1807-4604-84b3-838d16c9e4cb,Philips,Clothing,3
b6b42d62-e608-4ead-a2bc-182913ef8bc8,Adidas,Clothing,4
b6fe318f-a916-48e9-a916-6946eb566eb6,Whirlpool,Electronics,5
b6ff7cab-893f-4323-97c0-2978b2be5493,Puma,Electronics,4
b70670f6-e0c8-4db9-a48a-621a75f0a4d3,L'Oreal,Clothing,2
b715394c-1bc4-4f75-b292-c656c8e91ade,Sephora,Beauty,2
b7318ca3-a368-413f-adc0-2838ba0efcac,Apple,Electronics,2
b78edbae-7dd2-4568-a051-adc99fe61cac,Puma,Electronics,2
b7a9c8fb-6afe-45e0-9886-c40e47543f6f,Puma,Clothing,3
b7b8b6c9-4eb4-4a1c-aa38-2ba3b9bab8af,L'Oreal,Electronics,2
b7c8bf0f-ae6d-4186-85f3-6e757a320caa,Whirlpool,Beauty,2
b7eb873b-833a-49c2-8873-c9b984f759d4,Sephora,Beauty,3
b8069a5f-a131-4479-81f4-29cc474c0ec0,Sony,Electronics,2
b85467e0-44df-40df-873e-c8b98268a981,Panasonic,Electronics,2
b85f9031-9fe7-481e-a3cf-e5c63755d971,Levi's,Clothing,2
b8bad869-e5bc-4a49-9012-290b68c67431,LG,Electronics,2
b9396d9e-ab32-477f-94a9-ca0537dd2e9f,Philips,Electronics,2
b973a965-bb04-4e7c-bc8a-83b8ccdab42d,Sony,Beauty,2
b9bf1df0-bb6c-4397-91f4-e0272b3bb727,Philips,Electronics,2
ba1e08d8-4881-45c0-bc95-4ac676c77d36,L'Oreal,Electronics,2
ba2121d8-6d5d-4dc2-a940-3ed3ef66ec93,Whirlpool,Beauty,2
bb16b957-cffa-4cdc-96eb-826c4f58a5cd,Puma,Electronics,2
bb29c9fa-df56-46d2-a6a4-651aec4eff3d,Puma,Electronics,2
bb8d5259-b7bf-4493-88ba-52f9dc120511,Apple,Electronics,3
bb91b765-46b4-4f2e-b4ef-5eb2510ae10e,Ikea,Electronics,2
bbe1fd5d-868c-416e-883d-f18e5359c03c,Samsung,Clothing,5
bbf0f424-2193-4245-bdf7-3213a77a3014,Apple,Beauty,6
bc0ec1bc-fd26-40d3-82b7-c7539aca94c2,Dove,Clothing,2
bc5f11d3-615b-4add-8576-19097b544e62,Apple,Electronics,2
bca3dc54-6788-436f-a239-bca0fd214ab0,Levi's,Beauty,2
bcb40ecb-9b04-47b3-b3b8-f392c67f8714,Samsung,Electronics,2
bce629ec-67a2-4606-bd15-36c4b76f5565,LG,Electronics,3
bcebac1f-c233-49f4-b79f-1bce80922bcc,LG,Electronics,3
bd02d581-87b0-4d1b-8e71-c3eecb3bf839,Dove,Electronics,5
bdb3a616-d4da-40d9-bec2-e2e2c075833d,Nivea,Electronics,2
be6e4c2d-fbed-40f2-921d-e27dd622f833,Sony,Beauty,2
be8818ad-defd-49c1-82c9-8542eed93b8e,Levi's,Electronics,2
be8b1f12-6d79-4463-8877-d4115236f7c4,Panasonic,Clothing,3
bed13950-57d8-4158-b461-601d9379de57,Sephora,Beauty,2
bf26c964-45a0-43a6-a0cb-cfa1e54f3dfd,Adidas,Electronics,2
bf789430-972a-4983-9033-7b2ac02446cc,Samsung,Clothing,3
bfc9680b-e4cb-4451-9311-dee091f15cec,Puma,Electronics,2
bfed2a82-235e-41df-8c5f-9e2d7b841a19,Philips,Electronics,2
c0178d90-061d-475b-8bfd-d6fd8adfa7c3,Adidas,Clothing,4
c01c8663-9bae-4809-b399-80bb00aa5d15,LG,Clothing,5
c07ddc59-1590-4b13-85b8-eb249e9b5e13,Samsung,Electronics,2
c085e944-c272-4726-934a-7d75ab9a49d1,Ikea,Clothing,2
c0b53358-d9b1-462f-b0e6-48501d883e53,Puma,Electronics,4
c0dc29b3-4983-4048-984a-280f085c0c5f,LG,Electronics,2
c114524e-ed80-4ad9-b9f4-301246c7ad1b,LG,Electronics,2
c11d4232-356a-44ca-a171-531e616a9732,Philips,Beauty,4
c12c184f-8380-4ff9-b016-5d477354b5ec,Nivea,Beauty,3
c137ffbd-044b-493c-bb75-6cc9c1f80e7d,LG,Electronics,2
c14b6ce8-7e7f-4d6c-a9cb-c740f7c012c4,L'Oreal,Electronics,4
c14ddf59-b64d-43e8-800f-68f32c2cb14b,Adidas,Electronics,2
c1a2cc1f-3c2f-4480-b135-71b298c5c3f3,Apple,Electronics,2
c1b42733-6378-4053-b484-12e057273060,Levi's,Electronics,2
c1f556c0-93c4-4d8f-afc4-70b85513b53d,Apple,Electronics,2
c202c91d-d3b7-4646-9819-4e5b5c4ac77c,L'Oreal,Beauty,2
c2360f5d-2432-4f0b-935f-f2c18846a54c,Dove,Electronics,3
c24f5e64-87b3-4574-a002-6713a67774cf,Whirlpool,Clothing,4
c25d054a-bc25-476f-bf3c-e5e08db9c998,Sephora,Clothing,3
c2dbd8fd-b657-4a02-9693-ed7c3867c815,Nike,Electronics,3
c3693ff8-8682-4cda-8c3c-c3b9d585d1ab,L'Oreal,Beauty,2
c36b7f38-6ced-4a56-8e9b-d95da1e956ad,L'Oreal,Clothing,2
c3cecb93-28da-4823-9b83-dd28d55cc4f0,LG,Electronics,2
c3f7630a-e3a8-4d30-98df-281b9df0c085,Samsung,Electronics,3
c3fbf3c5-3ae9-4b0b-ad03-6ae8f655cfe4,Ikea,Electronics,2
c434f3fb-d263-4187-a931-bec630761fb4,Levi's,Electronics,3
c4470547-859b-4a5d-a96a-8f766fcc73f6,Levi's,Electronics,3
c485caac-2905-448e-b5f0-53757100ff36,Nike,Clothing,3
c4e02a97-801e-477d-977d-8eee12b8dac0,Apple,Electronics,2
c51de9e0-d984-4722-9421-26534a71a551,Nike,Electronics,5
c557010d-144f-47f6-ab76-17f9f2a9dc23,L'Oreal,Beauty,2
c5a86600-2978-4bab-8ff3-b92040c01169,L'Oreal,Clothing,2
c5b77f84-7872-4145-87d1-a5b2f273a315,Adidas,Beauty,3
c5d6f6bc-5f3f-4aab-abb7-7aa23317faef,Dove,Electronics,3
c63476de-7ce1-448b-8391-5670376e7e0f,Whirlpool,Electronics,2
c66af793-ce85-4522-a702-42cae78b38be,Samsung,Beauty,3
c6b54479-bbb3-436e-8bef-1bc416652805,Levi's,Beauty,2
c6b59d82-de9c-4b40-82cf-c57d71abdd84,Sephora,Electronics,3
c6d432f5-b8b2-4a6c-9354-0407973a734f,Philips,Clothing,3
c6ee835d-d831-4125-bb2e-685c5ab4d0f8,Apple,Electronics,2
c708373c-7dd9-4a50-9a3b-7a8e450e2b98,L'Oreal,Beauty,2
c71210b6-acab-4c6a-b6c0-ea61d4dc5474,Adidas,Electronics,3
c71b648c-c8e3-47db-8242-4516103d0ccd,Nike,Clothing,2
c7265230-7a2c-4862-8125-60bd8c751b97,Ikea,Electronics,2
c750b1c4-3b62-4c52-b1ef-17244d325eb4,Ikea,Beauty,2
c774bf61-5deb-47a2-8cba-a2f775df7e5b,Philips,Electronics,2
c7a48ce1-7285-42de-8760-e2a713cf0d09,Sephora,Beauty,2
c7f470e8-875b-4d7c-88c1-9c7f096f3581,Nike,Electronics,2
c81497e8-9270-4066-81de-075a90fd578c,Adidas,Clothing,2
c81e711e-162d-4cc5-b151-3b5da1075df8,Philips,Electronics,2
c84dab60-0dc0-4370-a4c0-75985699352b,Panasonic,Electronics,4
c884c5f0-fb63-47c0-8a82-d0d883a62cd6,Apple,Beauty,2
c899c793-ece1-49f0-8547-cd486a5ea0d3,L'Oreal,Beauty,2
c89aef5f-3201-4437-a83c-6cc506dc41f6,Dove,Beauty,2
c8aea675-a539-4df8-90c1-290c107d98f9,Panasonic,Electronics,3
c8b18017-786b-476d-b0e9-bc3a3365d58e,Philips,Electronics,3
c8b1c3cf-ac9b-4093-ac78-bcaf0cfa5fe3,Adidas,Clothing,2
c8f4a1c2-afda-491e-b537-ff725e7b6516,Levi's,Electronics,3
c93060ae-1730-4806-9de2-ddcab7e871eb,Nivea,Beauty,2
c93c422b-a8d1-4f07-8345-b63981667671,Whirlpool,Clothing,2
c94574cb-be37-4e30-8e35-8ea204c0f873,Nike,Clothing,2
c9a49d96-753e-449d-b7a0-7e771afca5c4,Ikea,Electronics,2
c9b338f9-6193-41a0-866c-29b24d062db0,Puma,Beauty,2
c9c4bea3-fbb7-4763-9c03-54b54300cec3,Dove,Clothing,3
c9ca202c-8a28-4103-ae63-dd84dad3e552,Whirlpool,Electronics,2
c9cddd68-29f0-4a27-901d-641883976505,Puma,Beauty,5
ca924ecd-2ed9-44c9-ace7-38836296ddff,Nike,Clothing,3
caf60e77-7b29-41ef-a644-a02fa6abd6e0,Nivea,Electronics,2
cb1482d8-8035-4d1a-9546-e47cea8cae97,Levi's,Clothing,2
cb4cd363-2e08-4b60-8fd7-f9e127fd9fbb,Sony,Beauty,3
cb50070f-f965-4e3e-b889-31ca10722792,Ikea,Clothing,4
cb633dcf-6b7e-4822-864b-5cd98ddb4d4c,L'Oreal,Clothing,4
cb75f58a-d21d-487a-a6f5-2887923d9625,Philips,Electronics,2
cb8bacec-8ffe-41a7-8c42-ffa4cf9059e9,Nivea,Electronics,2
cba98c89-9d66-4319-9ca3-db742500364b,Puma,Electronics,3
cbae0738-876b-4a38-bbcf-d54a42bdea1b,Dove,Beauty,2
cc00295b-1b5f-48ce-b1a9-9c08f729b994,Nike,Electronics,2
cc734538-7db3-4e2e-bdef-789eee772441,LG,Clothing,2
cc757dfa-00b1-467b-9621-985343258d53,Nike,Electronics,5
cc91eda1-c2f4-4a44-81c0-c80b7c9bc21c,Puma,Electronics,3
ccc4fd7f-0406-45d1-a50a-65138815b174,Samsung,Electronics,3
ccd6dad7-048f-4847-bf7c-e83f140966bb,Samsung,Electronics,4
cce6cd8d-dfd0-4146-b969-4eb9d66e5bd7,LG,Electronics,3
ccff51fd-03e0-4b68-9dee-80d1be11a23e,Sephora,Clothing,2
cd85da75-7374-454e-a096-d8049aac80b2,Philips,Beauty,3
cda78559-f411-4bd9-9b35-347c297c41db,Nike,Clothing,5
cdd4e469-ca88-4ea7-8395-ab1cdaf05ebe,Nike,Electronics,2
cddc6980-149f-4f6a-afe1-91ec03ee0b09,Sephora,Beauty,2
cdde215f-433f-4cdc-8062-3082f8f6c7ef,Sony,Electronics,2
ce27a500-e0b1-40de-a9f7-058d845e7eaf,Dove,Clothing,3
ce6c089e-13bc-4582-865b-8e9145d14e57,Dove,Beauty,2
ce8fce50-7c33-4be2-bdea-6f465c918ec1,Puma,Beauty,2
ceb94a1a-c5ed-48fa-a5b1-f33b35ec0964,Puma,Electronics,2
ced7b1bb-400e-434a-92b8-cd3b42348f8c,Levi's,Clothing,4
cee90351-ed33-46e5-a000-04c6fa1326b2,Sephora,Clothing,2
cf03bfc5-2ee8-4970-bf37-7a58095e681b,Sephora,Beauty,3
cf5591aa-8971-4f10-ac07-6e797f72f62a,Ikea,Electronics,3
cf876f5a-a7af-43e1-96e1-ba1b6e92141f,Ikea,Clothing,2
cfb0800f-a4b8-4a05-8724-86ca49008ae6,L'Oreal,Beauty,2
d022cb89-da12-423f-ac7c-951ebcf1c36e,Ikea,Electronics,2
d05d1320-85c7-47e8-af48-4d26e8f3d82a,Puma,Electronics,2
d06152a7-ddc1-4d6b-bd4d-6bacf3885c83,Whirlpool,Electronics,3
d0669b7d-4d4c-4a51-b791-5904fb628ca6,Dove,Electronics,5
d090e872-e462-4af1-8688-41d9dc61c8f7,Philips,Electronics,2
d0d341c5-8965-4151-a541-436b4eb6b60a,Nike,Beauty,3
d0f79a25-9b8a-4462-8cd5-383125dbe25c,Nivea,Beauty,3
d1042b6f-d5bf-40e4-8c5c-25aa7fbf2cce,L'Oreal,Clothing,2
d10a8c1a-7efb-4d16-87de-f37638cc3932,Sephora,Beauty,2
d1184895-de4a-4f4b-95c8-efa40573a142,Ikea,Clothing,2
d12f7588-9519-47e8-9feb-c2192fb88a31,Puma,Clothing,4
d1349d57-6f88-4b93-a3b5-0f80bcb93a0f,Adidas,Clothing,2
d15c9744-2071-445d-9539-a301606ae590,Nike,Clothing,2
d16c8caa-11d4-41a8-8940-0237d62bb94f,Sephora,Electronics,2
d16c9385-8a60-4a47-af48-7c51a04c7488,Apple,Electronics,2
d1770535-de2b-4975-9479-13debfd43e27,Adidas,Clothing,2
d1dc4ce2-cc9f-486b-9e0c-80463aa2cc1a,Sony,Electronics,6
d2a8d4e2-c414-4280-8b0e-fdad69f8701d,Ikea,Clothing,2
d2b4be6f-207f-435d-92f5-2495b1d72934,Whirlpool,Beauty,2
d2d5c19d-c9ed-4743-9684-8b723255fbc8,Whirlpool,Electronics,3
d2ff13a3-53cb-40e8-836b-4fb5a81debe3,Whirlpool,Electronics,3
d3482122-dbfe-492a-848c-01703f581c2f,Whirlpool,Electronics,2
d3709dfe-980a-4070-b4de-484808b89bbb,L'Oreal,Beauty,5
d3caf8e1-7d73-4f08-9e68-78eeceb3183b,Philips,Beauty,4
d3d1fa5c-42ff-4502-bfc2-ea67a66806df,Adidas,Electronics,2
d3d96dd6-3895-4611-bac0-88c429aa3a23,Dove,Electronics,2
d4344454-5d83-4273-a9d1-521461f4b810,Levi's,Beauty,2
d469d386-4c5d-416e-8c30-a3f670c421b3,Whirlpool,Clothing,5
d46be2d1-3f09-411d-b167-edad00fd2647,Dove,Electronics,2
d48115ce-4e9b-463a-977b-427cef14b3f3,Ikea,Beauty,2
d4bf01bd-e47f-40de-8df4-67b4d865ccbf,Apple,Electronics,3
d4c385f4-7b04-498f-98d3-dc02a6b41c6f,Nivea,Clothing,2
d4c6e02c-9541-4747-9f67-c7911a51fbd4,LG,Electronics,2
d5178c30-fa8f-4d73-af17-0c81d0cba58d,Dove,Beauty,2
d5315c6d-bf69-4952-95a8-9d40de217e84,L'Oreal,Beauty,3
d58b0cb2-d003-4419-bd1b-bfadb7e79fc5,Puma,Electronics,2
d5bdd850-03e5-4818-a616-0450d56c4067,Levi's,Beauty,2
d5be04bb-f058-4318-885c-2b5b0ded2fe6,Samsung,Clothing,2
d5eb7540-ba69-4463-9645-877cebe3de42,Ikea,Electronics,2
d6005b28-3104-4175-9420-c985e847c952,Dove,Clothing,2
d62aaaa3-bfcb-491d-910f-af01ec582ff3,Levi's,Electronics,3
d65328f5-964f-4561-998f-2f1bd46dd691,Apple,Beauty,2
d6e27380-83a1-4e0e-b9e7-93251283cd22,Samsung,Clothing,4
d6f760eb-f184-4b51-9843-24dbabd78a09,LG,Electronics,3
d6fb5379-7889-4819-9c1d-3d9d0ded09ac,Sony,Electronics,3
d712f262-e913-4885-b182-46be6e12188e,Ikea,Clothing,2
d737fbed-abba-45b6-b51f-f7d3535b5545,Levi's,Electronics,2
d7523ff3-afb4-4b16-abc5-499afb9cb8c5,Adidas,Beauty,4
d7d0286b-52db-4d73-8032-d97647d30703,L'Oreal,Clothing,2
d7f6fee8-fbc6-4183-8967-70d0fb5523e3,Dove,Electronics,2
d7fbb91c-388a-43ef-81ac-444482a61085,Philips,Electronics,2
d8d6cc79-7025-40ca-bff4-97551bdf56a2,Adidas,Beauty,2
d904562d-f593-4f49-b32f-2dc7785531c8,Samsung,Electronics,2
d94e49cc-452a-478c-a62c-a3f87f924c1a,Whirlpool,Electronics,4
d956d127-bcfc-40aa-9b84-5a0ad662b1ab,Sephora,Beauty,4
d9aee854-24ae-497e-a40c-d139aacc7055,Sephora,Beauty,4
d9e74016-0f6e-44bf-9f5b-225310d9a3ce,L'Oreal,Electronics,3
da396f84-f985-4269-890f-e1db4e2a6ec3,LG,Electronics,2
da3cb30e-6dad-41e0-a5b5-a755992a49e8,LG,Electronics,4
da9bb144-a34e-4a82-bfe6-d181208b88f4,L'Oreal,Electronics,2
dababac3-3505-4e3d-8ee0-ae93aefde698,Philips,Electronics,3
db031b80-4ee7-4f60-9c1d-adb3b7b09f43,Levi's,Clothing,2
db5cbd85-467c-46c8-94b7-e32ce287e477,Sony,Beauty,4
db64a819-a1ff-4843-b4ba-25f877d62d0d,Apple,Beauty,3
dbb495ee-ce29-4060-81f1-0ce8bb87c601,Dove,Beauty,2
dbee510b-e112-4fe0-82f9-7088f908be21,Panasonic,Electronics,3
dbf80c0d-c6b2-4ccf-af8e-e00ccd9002a2,Apple,Beauty,2
dc2fe2df-dc34-400b-992c-a71b23d60a8f,Adidas,Electronics,3
dc86eea3-25eb-45de-9fdf-5a3f3ba82da6,Sephora,Beauty,2
dc9ee01f-b737-4d46-98ad-d3fbae92b0d6,Levi's,Electronics,2
dcabc808-2fe7-44ba-a3af-bdb7f6c67a84,Nivea,Beauty,2
dcd5bbf7-ceee-4517-a9b9-58e74cdd8a8f,Dove,Clothing,2
dd5de2f4-cf92-4f4b-81e6-26c8843e9c02,Nivea,Beauty,3
dd6667a3-8626-409d-b4ac-e4e35a3e242a,Whirlpool,Electronics,2
dd8263f5-0cff-448c-82ff-44fb3a7a6b42,Apple,Clothing,2
dd8cde4b-a2ff-4a24-9c60-769893b91cce,Sephora,Electronics,2
dd9363e3-077d-4e9b-b017-f539a53d1201,Puma,Electronics,2
dda235cd-3a35-4a7c-9c10-bd03d24611f9,Ikea,Electronics,2
ddb1d2ec-0a58-4fa0-a376-9438f2f66369,Dove,Electronics,3
ddbc1cf9-9157-49cb-a520-cbf51fac68e9,Adidas,Clothing,2
de10941b-2d8c-41ab-b7d5-9aaac7278cac,Sony,Electronics,2
de2325de-1bee-4d46-927c-242d4b98bce1,Levi's,Clothing,2
de4fc60d-d46c-4a88-908c-62b760cb61ae,Apple,Beauty,4
de868d62-e90e-436a-9dcc-19b08734dff4,Ikea,Beauty,3
deed4d64-c71d-4386-a3b6-a0a0ecea0703,L'Oreal,Clothing,3
df0e3ef5-bf9e-4a48-9115-8f4900f6bfe9,Nike,Electronics,2
df56f007-04e1-4665-b160-78dde0a27990,LG,Electronics,3
df573738-b688-4810-9cf4-71b3c83d3df1,Panasonic,Clothing,3
df6f8d51-b73a-470c-b7ad-889b3a22fa1b,Dove,Electronics,2
dfc7f219-4c07-4d09-a87a-2d706cf20f80,Adidas,Clothing,3
e0108a37-3d83-4be5-809f-7ca93b4aecf1,Sony,Clothing,3
e07a0ff9-a68e-4591-ba7f-97db8f06275d,Sephora,Electronics,2
e0c83519-7ca2-48c5-a92b-1227d70af870,Samsung,Electronics,2
e0f5b8da-c530-4ab3-bfe9-8c7e90b406fd,Adidas,Beauty,3
e109da75-9fde-43ff-8935-ef1284f508f0,LG,Electronics,2
e11c53c1-9d13-4ccf-85ef-afdd853e59c3,Whirlpool,Clothing,2
e1219a1b-5a5e-4400-b5a2-7598c29f7e6b,Nivea,Electronics,2
e13df662-d216-4673-8efb-839d82b76317,Sony,Clothing,3
e13e04e8-2fb6-4fe6-8ed8-c3427e972e1f,Puma,Electronics,4
e1680ecd-3a24-4442-b05f-e6c999e12127,Sephora,Clothing,3
e1a55661-ba7f-410c-b2b2-a7eb812b5ece,Adidas,Electronics,2
e1dad7a2-92d5-47b6-9909-56d34855b38e,Sephora,Beauty,2
e1f8e9e8-91ca-484d-b1f0-949189825712,Dove,Electronics,2
e20fefaf-1b7c-4cfa-aaf9-7749e0908cfc,Levi's,Beauty,2
e2355ba7-8e0b-4a6e-bbbd-7f7fd13635ff,L'Oreal,Electronics,2
e23b6153-93cf-4573-86c9-594985f9106f,Ikea,Clothing,2
e29074dc-32a7-4797-a161-14231ac17560,Sony,Electronics,3
e292c875-3883-4012-a2eb-d81cd841c8f7,Sephora,Beauty,2
e2aef690-3fbe-4ece-9a2a-d9bef6cee569,LG,Electronics,3
e2c2123a-b55b-459e-a1fe-e40d9cd004bf,Dove,Beauty,2
e2e96951-d486-4e98-9c0e-3d15a0b4fe47,Puma,Electronics,2
e33ea971-9208-46a5-9547-0df4ebe5c4b2,Adidas,Clothing,2
e3e3e952-c02c-4c8b-8f70-8cf2d438ff95,Levi's,Electronics,2
e443dfcf-448d-4547-bf77-43215fa15ed2,Apple,Electronics,2
e45efc45-8d98-4e09-96d8-17bc4975d36c,Apple,Beauty,2
e49f980b-87ec-404f-bd65-86a3334d3307,Nivea,Electronics,2
e4addf9b-b25a-4726-9ad0-9ed4dee1b0ca,Panasonic,Beauty,2
e4bc34a3-5df6-495f-8a11-b78cdc6ac3b0,Nivea,Electronics,6
e52fad31-762c-42c1-8e80-52965726e751,Adidas,Clothing,2
e5348aae-9970-444e-ad52-b9cdb5fba7d6,Adidas,Electronics,3
e55291d9-f275-4f66-8388-a483566fc84b,Adidas,Clothing,2
e5a95833-2f63-4585-984d-b78b55cb0583,Panasonic,Beauty,2
e5acbcc5-0662-4d4f-b467-4e244a6146ff,Nivea,Beauty,2
e5c4bf42-b405-4036-8b6c-380739deb135,Sephora,Clothing,4
e5e806a6-bb81-43b2-bdf4-f2e822e28850,LG,Clothing,5
e6093744-4041-436f-8570-e63f6bf02eb4,LG,Electronics,2
e61d3308-ffc9-4ef6-a2a7-87cfe0201b1c,Apple,Electronics,2
e835756f-3ffb-447f-b5a1-6f18adb4cf08,Puma,Clothing,2
e84c3c4d-a1e8-4915-af8e-f4a9901a9793,Adidas,Electronics,5
e864a806-15db-41f6-9004-586515c672f1,Apple,Electronics,3
e88acb48-bcdd-46f5-963d-dbcd39677922,Philips,Electronics,2
e8d8d290-1d9c-4e1f-a2fc-621f89279e2d,Adidas,Beauty,2
e8e68346-3a7f-4529-b5d4-2eb7dddeedd4,Sony,Electronics,3
e977ad51-0d04-4110-86fd-63c443a19095,Panasonic,Electronics,2
e9d1e805-651b-4d72-9e84-40dd5e6d137a,Puma,Beauty,3
eb410cd1-bf18-46e5-acea-76317d4512f4,Puma,Electronics,4
eb7c37d7-9c4f-4e05-a578-ac16d40f829f,Apple,Electronics,2
eb808904-2893-4ba0-a325-ae6e062e42e5,Panasonic,Electronics,2
ebb25839-ac56-4bf0-bd5f-323918ab8e94,LG,Electronics,2
ebb911f5-a53d-43b4-a3aa-57924e55c773,Apple,Clothing,3
ebb9c562-3b64-499e-a34d-2d979ce9090f,Samsung,Electronics,2
ebceccd2-1ca9-4191-8670-71a832b54172,Ikea,Beauty,2
ebd3fbf5-dca8-4bdc-b1a4-6d4b503b551a,Nivea,Clothing,2
ebd4359f-72a7-4e3d-b72a-4bf98eced7f6,Apple,Electronics,3
ebe364c3-d6a8-4d11-a774-dc98b11aa83a,Puma,Electronics,5
ebe51694-eca5-4d85-9e98-06d2b045a10e,Panasonic,Clothing,2
ec077060-1245-494c-a253-a9301576401d,Dove,Beauty,2
ec7feefe-d315-4ed5-bd32-3b23bc54f84c,Puma,Clothing,2
ecdc3367-87b5-4d6d-9400-c9115c006a8c,Levi's,Electronics,3
ecea62cc-9c07-4e9e-9b49-d398dbc0629e,Puma,Clothing,2
ed153675-6654-44e5-8e6b-8f45ee2bb5fe,Nivea,Beauty,4
ed3af2e0-dd7c-4796-8ad1-5ffcaccab993,Adidas,Electronics,2
ed9fad11-3c89-4bbf-bfc4-ffd4e3eea0e3,Nivea,Beauty,2
edd82675-6827-4a61-af67-4523b1427974,Panasonic,Beauty,3
edfd778d-bc13-4a57-b5b2-f3e99edca92c,Philips,Electronics,2
ee1c2572-203e-4446-a917-74bb254c5827,Sony,Beauty,6
ee36164e-f11b-49da-a933-5b5e0342d23b,Samsung,Electronics,2
ee3f7118-00ed-43af-9d4d-17a5a547159b,Levi's,Clothing,3
ee58b5b2-20c7-4fdc-868e-0137261568aa,L'Oreal,Clothing,2
ee75c1ac-e5b3-4efe-8255-4267f9e711f7,LG,Beauty,2
ee870319-0f55-44a4-b004-57fa67b11d16,Apple,Electronics,2
ee9c059c-45b8-4621-976f-e3394165a9fb,Puma,Beauty,2
eeeaa872-5580-45e5-868b-8d14a5b28cec,Dove,Beauty,3
ef1992f0-8ec4-4079-93e3-af69181d21ad,Levi's,Clothing,3
ef5f1d25-8eca-46ac-9a0e-14233e7f2fa9,LG,Electronics,2
ef8ad170-1ea9-4be4-948f-adebbfcd7300,L'Oreal,Clothing,3
ef8f9176-a00f-4100-91a4-024061a7df38,Whirlpool,Electronics,3
ef8fc039-19bb-4dc5-aefc-6461d1144554,Sony,Beauty,2
efa1f2fd-d556-4c67-8d6b-0dbd2e04f6d7,Samsung,Electronics,2
f00aed40-404f-4fb2-bd0c-b1544e812de8,Sephora,Beauty,2
f022aa75-2cc0-45de-994e-890cba1e33c2,Dove,Beauty,4
f04fd6cf-5af9-4632-993a-e0891ef8970f,Samsung,Electronics,2
f09c9fb3-1a5a-4a89-ad86-3f5809414b90,Adidas,Electronics,3
f0a31fb5-5393-4961-b6af-8ec5181f57c2,L'Oreal,Clothing,3
f0d1a073-ce1d-4ae9-9705-892d7c072c31,Dove,Beauty,3
f0d876ad-f6ca-4119-8439-56006914bca7,Panasonic,Electronics,3
f0e492c8-472f-4726-b2e7-b13ecbcbe3a0,Sony,Electronics,2
f0fd8ac9-59cd-47d4-9f9f-9fb5a01d7ee1,Adidas,Electronics,2
f10307c1-1fe1-47f0-bd38-8895c2fd4c08,Apple,Electronics,2
f10a8642-0e24-4947-9638-84501fc32153,Panasonic,Beauty,3
f1376654-46b6-4b29-9825-52fb9979b20b,Philips,Electronics,2
f15e6e1d-40e6-412d-b148-54ec2473e7f6,Philips,Beauty,2
f1828a8c-6429-4b6e-9afd-bec35ec69f8d,Whirlpool,Electronics,5
f19837f1-4da5-4bc8-b478-46d49b0a3160,L'Oreal,Beauty,5
f1ac27ec-8caa-4df6-b845-a8f49767c2ed,Adidas,Beauty,2
f1bc78d8-05fb-4453-a3f1-0a5fdf3a0808,Levi's,Electronics,2
f1f4c2ad-f67c-48c7-914e-629b43a9ce59,Puma,Beauty,2
f1f86ec2-382d-44d2-bf5b-dbc0eb908cb6,Levi's,Beauty,3
f274239b-12e8-4af2-8220-0eaa2914471b,LG,Electronics,4
f2800946-8586-44de-9f36-12d4ff9836ab,Sony,Clothing,4
f282aa12-98a3-472c-801d-cfa55c8abb6d,Dove,Electronics,2
f28323f1-e305-42d3-a39e-3306f9fece09,Whirlpool,Electronics,3
f2ad6b11-814a-4139-b0a6-9fab3efd318e,Sony,Clothing,2
f2ba3109-8f95-4f52-b2b2-dfdd72ee2728,Apple,Clothing,2
f2ceca17-837f-429f-880b-5d3e590e7674,Ikea,Electronics,2
f2e25641-4515-488d-acfc-74a15930e6e5,Adidas,Clothing,5
f33c5154-f924-4248-8aa7-b03d7541a06b,Sony,Electronics,2
f3fe47df-4e7d-47f2-bc95-1b84da2eb623,Apple,Clothing,2
f435fee1-ea01-4322-9e7b-77b74a1f67ad,Ikea,Beauty,3
f4423666-cdcb-40d5-b0b4-37c4a7c483ee,Whirlpool,Electronics,4
f47429c1-6636-4a04-a305-953ec0d63477,Adidas,Clothing,3
f4772fdf-5cd9-41be-9051-e9491ad4dcc2,Dove,Beauty,3
f4913cfd-08ee-417a-890a-2786a4f366c0,L'Oreal,Electronics,2
f4bc850b-a1fe-444a-a2c1-98e059aa1c8c,Ikea,Electronics,2
f4bd94fa-41c0-44ed-b084-b9fddf948d98,Dove,Electronics,3
f4bf67b4-36d2-48fc-a0af-d637eaae144b,Nike,Beauty,2
f55a7b88-78c7-42c7-969a-54689d2fd47f,Whirlpool,Electronics,2
f57caa91-9690-494e-8b77-05403cb4dc24,LG,Electronics,4
f594b49c-8b05-49d5-adef-5fd35e8d65dd,Nike,Electronics,3
f5c86214-627d-41c8-a778-2a04540bffb1,Nivea,Beauty,2
f677774c-c077-41ee-ac53-163268c4ae5c,Dove,Electronics,4
f6b355a4-a832-4600-bf9d-dc03cef1a64d,Nike,Electronics,4
f6c45da1-e046-432a-900b-8710c9c318dc,Panasonic,Electronics,2
f707d0d2-cd52-45a4-a2bb-4ce9ec880fe0,Samsung,Clothing,2
f7246246-75e0-45b8-a372-e5c6823baa6c,Samsung,Electronics,4
f72f0c69-c628-4038-b548-d9880f154fdb,LG,Electronics,3
f734e821-9996-499e-83f0-cf69499ca447,LG,Beauty,3
f75b4c01-ec0d-4686-b0ea-5ae9a7f806a1,Nivea,Beauty,2
f7a56169-4978-4a7a-baa3-d0a5574894a9,Panasonic,Electronics,2
f7bc0d6d-3d41-4132-854c-63b288e004f9,Nike,Clothing,2
f7cf7350-b5c4-4402-8486-bca9a8ce9545,Sephora,Clothing,2
f7ed0583-8728-4a7a-90ec-b9ac19d720d6,Samsung,Beauty,2
f7fa8490-7215-4f10-83d0-6242f74bf45b,Puma,Clothing,3
f82af331-0dd1-453d-a5e9-ff9675105380,Philips,Beauty,3
f86d0a03-6965-4004-8713-3b69bfd9dbfb,Apple,Electronics,2
f87d8f18-6b0a-4408-b7c1-88f9a26e173e,Puma,Clothing,3
f886d1a1-2ea5-4ce9-bc47-3b9cb2844fa0,Whirlpool,Clothing,2
f8e5132e-5b75-4343-b23f-632feceaf3e9,Apple,Clothing,3
f928b3bb-7d6e-4f18-8784-ca22560f4e21,Adidas,Electronics,4
f9305963-a003-4ce0-827a-ac6ff1e64c8e,L'Oreal,Beauty,2
f935a705-b3db-4f08-bc8e-eeb90672be25,Apple,Electronics,2
f955dc85-bead-4c4b-bcad-ec40710894b5,Whirlpool,Electronics,2
f993ae1e-49a0-4815-b2d6-20d4268dd09a,Nike,Clothing,6
f994b1d2-e15c-4da2-8470-d44fcac180d4,Ikea,Clothing,4
f9b9dfd5-8cd4-4514-a634-5c82fc4790ee,Levi's,Clothing,4
f9bcc42a-1b38-4401-ad66-4dcbfde1329c,Whirlpool,Electronics,2
f9bed5e9-b385-4854-b275-13481dd91902,Apple,Clothing,3
fa17b171-8ca5-440b-a93a-4873ca132913,Whirlpool,Clothing,4
fa5af799-61c7-4ea7-9d82-fc021af2b47e,Sony,Electronics,2
faa06673-72cb-49fb-a70e-1f493bab182a,Whirlpool,Electronics,2
fab0ced5-b708-4951-877a-0484ad836274,Panasonic,Electronics,2
fab3b7b0-6e6f-4fb6-bd5a-fb36f2fbcc7a,Philips,Electronics,4
facd7e3c-e887-4312-9d1a-7ec274a05fe3,Philips,Clothing,4
fb022774-b92c-476b-9342-03163a57fb4f,LG,Beauty,2
fb32e036-c515-4811-b243-aadcce0152cb,Nivea,Electronics,2
fb680372-d530-4bed-b882-b1bfc5161f4c,L'Oreal,Beauty,2
fb921891-9bce-4231-96d1-3b9906ebf0ec,Sephora,Beauty,2
fba30bea-dcc9-4420-9954-d7b8857b028e,Adidas,Electronics,2
fbd1abdc-0db3-477d-a951-27f0f9a6429f,Puma,Clothing,2
fbe22d8a-d2de-4ad5-9492-6887774dae14,Sony,Clothing,2
fc30dbf1-962c-4510-a8cb-bf2f4447b24a,Apple,Clothing,3
fc61ba4e-20e7-427a-b86b-32c0542f644c,Adidas,Electronics,2
fc737217-42bb-452c-a222-d8ce045da2ad,Ikea,Clothing,2
fc83e62b-f24d-4493-975a-ebe64f405b0a,Adidas,Clothing,2
fca44d5f-73f7-48b8-9a0b-20b996477cee,Adidas,Clothing,2
fd1e5ebf-c0fc-49da-9e8b-66248bb664b4,Apple,Electronics,2
fd239f61-322b-4a7a-b527-a3afcd77c019,Philips,Electronics,2
fd34a96b-4450-46ac-b14b-e8ffa75856ac,Samsung,Clothing,5
fdb7b49a-ae49-432c-852e-bca5e61f8b8a,L'Oreal,Beauty,5
fe0d58a4-fa05-443e-b0df-552a0a6e7d90,Levi's,Beauty,3
fe663abf-26d8-470e-84ff-38d6452a5318,Dove,Beauty,2
fe7340b8-0ebf-40d6-b776-a3ebe32cde64,Sony,Electronics,2
fed35d29-6cc0-49d9-90f3-6d97b257f82b,Ikea,Clothing,2
fef2477f-91f9-4a30-ba70-345a5b121c8b,Sony,Clothing,2
ff106538-640e-4ee3-ba62-27458bd56356,Puma,Electronics,4
ff1b9b85-c503-478a-a1fe-2c0b574afe69,Philips,Electronics,2
ff895cdc-3714-47ca-a61a-a67ac9fd2992,Nivea,Beauty,4
ffbc6474-e995-4176-9433-c5023becfce5,Philips,Electronics,2
